#
# There is insufficient memory for the Java Runtime Environment to continue.
# Native memory allocation (malloc) failed to allocate 1254680 bytes. Error detail: Chunk::new
# Possible reasons:
#   The system is out of physical RAM or swap space
#   This process is running with CompressedOops enabled, and the Java Heap may be blocking the growth of the native heap
# Possible solutions:
#   Reduce memory load on the system
#   Increase physical memory or swap space
#   Check if swap backing store is full
#   Decrease Java heap size (-Xmx/-Xms)
#   Decrease number of Java threads
#   Decrease Java thread stack sizes (-Xss)
#   Set larger code cache with -XX:ReservedCodeCacheSize=
#   JVM is running with Unscaled Compressed Oops mode in which the Java heap is
#     placed in the first 4GB address space. The Java Heap base address is the
#     maximum limit for the native heap growth. Please use -XX:HeapBaseMinAddress
#     to set the Java Heap base and to place the Java Heap above 4GB virtual address.
# This output file may be truncated or incomplete.
#
#  Out of Memory Error (arena.cpp:186), pid=19528, tid=25796
#
# JRE version: OpenJDK Runtime Environment (25.0.3) (build 25.0.3+-15898627-b508.16)
# Java VM: OpenJDK 64-Bit Server VM (25.0.3+-15898627-b508.16, mixed mode, tiered, compressed oops, compressed class ptrs, g1 gc, windows-amd64)
# No core dump will be written. Minidumps are not enabled by default on client versions of Windows
#

---------------  S U M M A R Y ------------

Command Line: --add-opens=java.base/java.lang=ALL-UNNAMED --add-opens=java.base/java.lang.invoke=ALL-UNNAMED --add-opens=java.base/java.util=ALL-UNNAMED --add-opens=java.prefs/java.util.prefs=ALL-UNNAMED --add-exports=jdk.compiler/com.sun.tools.javac.api=ALL-UNNAMED --add-exports=jdk.compiler/com.sun.tools.javac.util=ALL-UNNAMED --add-opens=java.base/java.nio.charset=ALL-UNNAMED --add-opens=java.base/java.net=ALL-UNNAMED --add-opens=java.base/java.util.concurrent=ALL-UNNAMED --add-opens=java.base/java.util.concurrent.atomic=ALL-UNNAMED --add-opens=java.xml/javax.xml.namespace=ALL-UNNAMED --add-opens=java.base/java.time=ALL-UNNAMED --enable-native-access=ALL-UNNAMED -Xmx2048m -Dfile.encoding=UTF-8 -Duser.country=US -Duser.language=en -Duser.variant -javaagent:C:\Users\willo\.gradle\wrapper\dists\gradle-9.7.1-bin\1w1c7tv4s851m17nbqdsro2tv\gradle-9.7.1\lib\agents\gradle-instrumentation-agent-9.7.1.jar org.gradle.launcher.daemon.bootstrap.GradleDaemon 9.7.1

Host: Intel(R) N100, 4 cores, 7G,  Windows 11 , 64 bit Build 26100 (10.0.26100.9278)
Time: Tue Sep  8 23:47:42 2026 Central Daylight Time elapsed time: 202.248488 seconds (0d 0h 3m 22s)

---------------  T H R E A D  ---------------

Current thread (0x000001dcd1e26760):  JavaThread "C2 CompilerThread0" daemon [_thread_in_native, id=25796, stack(0x0000005b95100000,0x0000005b95200000) (1024K)]


Current CompileTask:
C2:202249 10913   !   4       java.util.concurrent.LinkedBlockingQueue::poll (128 bytes)

Stack: [0x0000005b95100000,0x0000005b95200000]
Native frames: (J=compiled Java code, j=interpreted, Vv=VM code, C=native code)
V  [jvm.dll+0x7bf039]  (no source info available)
V  [jvm.dll+0x78912d]  (no source info available)
V  [jvm.dll+0xa0e615]  (no source info available)
V  [jvm.dll+0xa10c94]  (no source info available)
V  [jvm.dll+0xa11393]  (no source info available)
V  [jvm.dll+0x30a116]  (no source info available)
V  [jvm.dll+0x10eda9]  (no source info available)
V  [jvm.dll+0x10f0d2]  (no source info available)
V  [jvm.dll+0x1a9b77]  (no source info available)
V  [jvm.dll+0x3bf612]  (no source info available)
V  [jvm.dll+0x7c48b7]  (no source info available)
V  [jvm.dll+0x2ce466]  (no source info available)
V  [jvm.dll+0x2cd641]  (no source info available)
V  [jvm.dll+0x24334a]  (no source info available)
V  [jvm.dll+0x2dd025]  (no source info available)
V  [jvm.dll+0x2db226]  (no source info available)
V  [jvm.dll+0x49c12e]  (no source info available)
V  [jvm.dll+0x9ad738]  (no source info available)
V  [jvm.dll+0x7bd585]  (no source info available)
C  [ucrtbase.dll+0x2cd30]  (no source info available)
C  [KERNEL32.DLL+0x2ccb7]  (no source info available)
C  [ntdll.dll+0xacaec]  (no source info available)

Lock stack of current Java thread (top to bottom):


---------------  P R O C E S S  ---------------

Threads class SMR info:
_java_thread_list=0x000001dcda835660, length=42, elements={
0x000001dcbab1e690, 0x000001dcd1df53e0, 0x000001dcd1e0fde0, 0x000001dcd1e113b0,
0x000001dcd1e20520, 0x000001dcd1e20ce0, 0x000001dcd1e214a0, 0x000001dcd1e21c60,
0x000001dcd1e26760, 0x000001dcd1e2e3f0, 0x000001dcd6936380, 0x000001dcd60a06e0,
0x000001dcd7c33280, 0x000001dcd7507df0, 0x000001dcd74668c0, 0x000001dcd7388440,
0x000001dcd6c49c60, 0x000001dcd7541f70, 0x000001dcd7540030, 0x000001dcd75436e0,
0x000001dcd7544e50, 0x000001dcd7545620, 0x000001dcd7542f10, 0x000001dcd7544680,
0x000001dcd6d851e0, 0x000001dcd6d880c0, 0x000001dcd6d88890, 0x000001dcd6d8a000,
0x000001dcd6d8a7d0, 0x000001dcd6d8afa0, 0x000001dcd6d8b770, 0x000001dcd90be890,
0x000001dcd90c0000, 0x000001dcd90bf060, 0x000001dcd90c4650, 0x000001dcd90c4e20,
0x000001dcd90c1f40, 0x000001dcd9750fa0, 0x000001dcd9754e20, 0x000001dcd9751f40,
0x000001dcd97584d0, 0x000001dcd7f02f40
}

Java Threads: ( => current thread )
  0x000001dcbab1e690 JavaThread "main"                              [_thread_blocked, id=28184, stack(0x0000005b94100000,0x0000005b94200000) (1024K)]
  0x000001dcd1df53e0 JavaThread "Common-Cleaner"             daemon [_thread_blocked, id=24432, stack(0x0000005b94a00000,0x0000005b94b00000) (1024K)]
  0x000001dcd1e0fde0 JavaThread "Reference Handler"          daemon [_thread_blocked, id=25648, stack(0x0000005b94b00000,0x0000005b94c00000) (1024K)]
  0x000001dcd1e113b0 JavaThread "Finalizer"                  daemon [_thread_blocked, id=17052, stack(0x0000005b94c00000,0x0000005b94d00000) (1024K)]
  0x000001dcd1e20520 JavaThread "Signal Dispatcher"          daemon [_thread_blocked, id=21776, stack(0x0000005b94d00000,0x0000005b94e00000) (1024K)]
  0x000001dcd1e20ce0 JavaThread "Attach Listener"            daemon [_thread_blocked, id=21528, stack(0x0000005b94e00000,0x0000005b94f00000) (1024K)]
  0x000001dcd1e214a0 JavaThread "Service Thread"             daemon [_thread_blocked, id=29684, stack(0x0000005b94f00000,0x0000005b95000000) (1024K)]
  0x000001dcd1e21c60 JavaThread "Monitor Deflation Thread"   daemon [_thread_blocked, id=25516, stack(0x0000005b95000000,0x0000005b95100000) (1024K)]
=>0x000001dcd1e26760 JavaThread "C2 CompilerThread0"         daemon [_thread_in_native, id=25796, stack(0x0000005b95100000,0x0000005b95200000) (1024K)]
  0x000001dcd1e2e3f0 JavaThread "C1 CompilerThread0"         daemon [_thread_blocked, id=3784, stack(0x0000005b95200000,0x0000005b95300000) (1024K)]
  0x000001dcd6936380 JavaThread "Notification Thread"        daemon [_thread_blocked, id=30560, stack(0x0000005b95300000,0x0000005b95400000) (1024K)]
  0x000001dcd60a06e0 JavaThread "Daemon health stats"               [_thread_blocked, id=7132, stack(0x0000005b94000000,0x0000005b94100000) (1024K)]
  0x000001dcd7c33280 JavaThread "Incoming local TCP Connector on port 53706"        [_thread_in_native, id=12456, stack(0x0000005b95700000,0x0000005b95800000) (1024K)]
  0x000001dcd7507df0 JavaThread "Daemon periodic checks"            [_thread_blocked, id=2028, stack(0x0000005b95800000,0x0000005b95900000) (1024K)]
  0x000001dcd74668c0 JavaThread "Daemon"                            [_thread_blocked, id=3864, stack(0x0000005b95900000,0x0000005b95a00000) (1024K)]
  0x000001dcd7388440 JavaThread "Handler for socket connection from /127.0.0.1:53706 to /127.0.0.1:53707"        [_thread_in_native, id=30192, stack(0x0000005b95a00000,0x0000005b95b00000) (1024K)]
  0x000001dcd6c49c60 JavaThread "Cancel handler"                    [_thread_blocked, id=20284, stack(0x0000005b95b00000,0x0000005b95c00000) (1024K)]
  0x000001dcd7541f70 JavaThread "Daemon worker"                     [_thread_blocked, id=23700, stack(0x0000005b95c00000,0x0000005b95d00000) (1024K)]
  0x000001dcd7540030 JavaThread "Asynchronous log dispatcher for DefaultDaemonConnection: socket connection from /127.0.0.1:53706 to /127.0.0.1:53707"        [_thread_blocked, id=4216, stack(0x0000005b95d00000,0x0000005b95e00000) (1024K)]
  0x000001dcd75436e0 JavaThread "Stdin handler"                     [_thread_blocked, id=15848, stack(0x0000005b95e00000,0x0000005b95f00000) (1024K)]
  0x000001dcd7544e50 JavaThread "Daemon client event forwarder"        [_thread_blocked, id=1692, stack(0x0000005b95f00000,0x0000005b96000000) (1024K)]
  0x000001dcd7545620 JavaThread "Cache worker for journal cache (C:\Users\willo\.gradle\caches\journal-1)"        [_thread_blocked, id=1648, stack(0x0000005b96000000,0x0000005b96100000) (1024K)]
  0x000001dcd7542f10 JavaThread "File lock request listener"        [_thread_in_native, id=25232, stack(0x0000005b96100000,0x0000005b96200000) (1024K)]
  0x000001dcd7544680 JavaThread "Cache worker for file hash cache (C:\Users\willo\.gradle\caches\9.7.1\fileHashes)"        [_thread_blocked, id=18676, stack(0x0000005b96200000,0x0000005b96300000) (1024K)]
  0x000001dcd6d851e0 JavaThread "File lock release action executor"        [_thread_blocked, id=17900, stack(0x0000005b93f00000,0x0000005b94000000) (1024K)]
  0x000001dcd6d880c0 JavaThread "Cache worker for file hash cache (C:\Users\willo\OneDrive\Desktop\Anthony_Ai\.gradle\9.7.1\fileHashes)"        [_thread_blocked, id=15816, stack(0x0000005b94800000,0x0000005b94900000) (1024K)]
  0x000001dcd6d88890 JavaThread "Cache worker for Build Output Cleanup Cache (C:\Users\willo\OneDrive\Desktop\Anthony_Ai\.gradle\buildOutputCleanup)"        [_thread_blocked, id=3944, stack(0x0000005b96300000,0x0000005b96400000) (1024K)]
  0x000001dcd6d8a000 JavaThread "File watcher server"        daemon [_thread_in_native, id=28668, stack(0x0000005b96400000,0x0000005b96500000) (1024K)]
  0x000001dcd6d8a7d0 JavaThread "File watcher consumer"      daemon [_thread_blocked, id=18048, stack(0x0000005b96500000,0x0000005b96600000) (1024K)]
  0x000001dcd6d8afa0 JavaThread "jar transforms"                    [_thread_blocked, id=29312, stack(0x0000005b96600000,0x0000005b96700000) (1024K)]
  0x000001dcd6d8b770 JavaThread "jar transforms Thread 2"           [_thread_blocked, id=16740, stack(0x0000005b96700000,0x0000005b96800000) (1024K)]
  0x000001dcd90be890 JavaThread "jar transforms Thread 3"           [_thread_blocked, id=20136, stack(0x0000005b96800000,0x0000005b96900000) (1024K)]
  0x000001dcd90c0000 JavaThread "jar transforms Thread 4"           [_thread_blocked, id=25456, stack(0x0000005b96900000,0x0000005b96a00000) (1024K)]
  0x000001dcd90bf060 JavaThread "Cache worker for file content cache (C:\Users\willo\.gradle\caches\9.7.1\fileContent)"        [_thread_blocked, id=24444, stack(0x0000005b96a00000,0x0000005b96b00000) (1024K)]
  0x000001dcd90c4650 JavaThread "Cache worker for checksums cache (C:\Users\willo\OneDrive\Desktop\Anthony_Ai\.gradle\9.7.1\checksums)"        [_thread_blocked, id=23888, stack(0x0000005b96b00000,0x0000005b96c00000) (1024K)]
  0x000001dcd90c4e20 JavaThread "Cache worker for cache directory md-supplier (C:\Users\willo\.gradle\caches\9.7.1\md-supplier)"        [_thread_blocked, id=5696, stack(0x0000005b96c00000,0x0000005b96d00000) (1024K)]
  0x000001dcd90c1f40 JavaThread "Cache worker for cache directory md-rule (C:\Users\willo\.gradle\caches\9.7.1\md-rule)"        [_thread_blocked, id=6260, stack(0x0000005b96d00000,0x0000005b96e00000) (1024K)]
  0x000001dcd9750fa0 JavaThread "Build operations"                  [_thread_blocked, id=25180, stack(0x0000005b96e00000,0x0000005b96f00000) (1024K)]
  0x000001dcd9754e20 JavaThread "Build operations Thread 2"         [_thread_blocked, id=3288, stack(0x0000005b96f00000,0x0000005b97000000) (1024K)]
  0x000001dcd9751f40 JavaThread "Build operations Thread 3"         [_thread_blocked, id=11544, stack(0x0000005b97000000,0x0000005b97100000) (1024K)]
  0x000001dcd97584d0 JavaThread "Build operations Thread 4"         [_thread_blocked, id=16800, stack(0x0000005b97100000,0x0000005b97200000) (1024K)]
  0x000001dcd7f02f40 JavaThread "Memory manager"                    [_thread_blocked, id=21784, stack(0x0000005b97200000,0x0000005b97300000) (1024K)]
Total: 42

Other Threads:
  0x000001dcd1da5ef0 VMThread "VM Thread"                           [id=21176, stack(0x0000005b94900000,0x0000005b94a00000) (1024K)]
  0x000001dcbabd88b0 WatcherThread "VM Periodic Task Thread"        [id=24184, stack(0x0000005b94700000,0x0000005b94800000) (1024K)]
  0x000001dcbab7abf0 WorkerThread "GC Thread#0"                     [id=15128, stack(0x0000005b94200000,0x0000005b94300000) (1024K)]
  0x000001dcd6ba52a0 WorkerThread "GC Thread#1"                     [id=14308, stack(0x0000005b95400000,0x0000005b95500000) (1024K)]
  0x000001dcd615d6b0 WorkerThread "GC Thread#2"                     [id=10664, stack(0x0000005b95500000,0x0000005b95600000) (1024K)]
  0x000001dcd6588420 WorkerThread "GC Thread#3"                     [id=20792, stack(0x0000005b95600000,0x0000005b95700000) (1024K)]
  0x000001dcbab94cd0 ConcurrentGCThread "G1 Main Marker"            [id=26232, stack(0x0000005b94300000,0x0000005b94400000) (1024K)]
  0x000001dcbab95870 WorkerThread "G1 Conc#0"                       [id=1964, stack(0x0000005b94400000,0x0000005b94500000) (1024K)]
  0x000001dcbabc6580 ConcurrentGCThread "G1 Refine#0"               [id=784, stack(0x0000005b94500000,0x0000005b94600000) (1024K)]
  0x000001dcbabc7190 ConcurrentGCThread "G1 Service"                [id=30588, stack(0x0000005b94600000,0x0000005b94700000) (1024K)]
Total: 10

Threads with active compile tasks:
C2 CompilerThread0  202436 10913   !   4       java.util.concurrent.LinkedBlockingQueue::poll (128 bytes)
Total: 1

VM state: not at safepoint (normal execution)

VM Mutex/Monitor currently owned by a thread: None

Heap address: 0x0000000080000000, size: 2048 MB, Compressed Oops mode: 32-bit

CDS archive(s) not mapped
Compressed class space mapped at: 0x0000000002000000-0x0000000042000000, reserved size: 1073741824
UseCompressedClassPointers 1, UseCompactObjectHeaders 0
Narrow klass pointer bits 32, Max shift 3
Narrow klass base: 0x0000000000000000, Narrow klass shift: 0
Encoding Range: [0x0000000000000000 - 0x0000000100000000), (4294967296 bytes)
Klass Range:    [0x0000000002000000 - 0x0000000042000000), (1073741824 bytes)
Klass ID Range:  [33554432 - 1107296249) (1073741817)
No protection zone.

GC Precious Log:
 CardTable entry size: 512
 Card Set container configuration: InlinePtr #cards 5 size 8 Array Of Cards #cards 10 size 36 Howl #buckets 4 coarsen threshold 1843 Howl Bitmap #cards 512 size 80 coarsen threshold 460 Card regions per heap region 1 cards per card region 2048
 CPUs: 4 total, 4 available
 Memory: 7857M
 Large Page Support: Disabled
 NUMA Support: Disabled
 Compressed Oops: Enabled (32-bit)
 Heap Region Size: 1M
 Heap Min Capacity: 8M
 Heap Initial Capacity: 124M
 Heap Max Capacity: 2G
 Pre-touch: Disabled
 Parallel Workers: 4
 Concurrent Workers: 1
 Concurrent Refinement Workers: 4
 Periodic GC: Disabled

Heap:
 garbage-first heap   total reserved 2097152K, committed 183296K, used 117029K [0x0000000080000000, 0x0000000100000000)
  region size 1024K, 11 young (11264K), 3 survivors (3072K)

Heap Regions: E=young(eden), S=young(survivor), O=old, HS=humongous(starts), HC=humongous(continues), CS=collection set, F=free, TAMS=top-at-mark-start, PB=parsable bottom
|   0|0x0000000080000000, 0x0000000080100000, 0x0000000080100000|100%|HS|  |TAMS 0x0000000080000000| PB 0x0000000080000000| Complete |  0
|   1|0x0000000080100000, 0x0000000080200000, 0x0000000080200000|100%|HC|  |TAMS 0x0000000080100000| PB 0x0000000080100000| Complete |  0
|   2|0x0000000080200000, 0x0000000080300000, 0x0000000080300000|100%|HC|  |TAMS 0x0000000080200000| PB 0x0000000080200000| Complete |  0
|   3|0x0000000080300000, 0x0000000080400000, 0x0000000080400000|100%|HC|  |TAMS 0x0000000080300000| PB 0x0000000080300000| Complete |  0
|   4|0x0000000080400000, 0x0000000080500000, 0x0000000080500000|100%| O|  |TAMS 0x0000000080400000| PB 0x0000000080400000| Untracked |  0
|   5|0x0000000080500000, 0x0000000080600000, 0x0000000080600000|100%| O|  |TAMS 0x0000000080500000| PB 0x0000000080500000| Untracked |  0
|   6|0x0000000080600000, 0x0000000080700000, 0x0000000080700000|100%| O|  |TAMS 0x0000000080600000| PB 0x0000000080600000| Untracked |  0
|   7|0x0000000080700000, 0x0000000080800000, 0x0000000080800000|100%|HS|  |TAMS 0x0000000080700000| PB 0x0000000080700000| Complete |  0
|   8|0x0000000080800000, 0x0000000080900000, 0x0000000080900000|100%| O|  |TAMS 0x0000000080800000| PB 0x0000000080800000| Untracked |  0
|   9|0x0000000080900000, 0x0000000080a00000, 0x0000000080a00000|100%| O|  |TAMS 0x0000000080900000| PB 0x0000000080900000| Untracked |  0
|  10|0x0000000080a00000, 0x0000000080b00000, 0x0000000080b00000|100%| O|  |TAMS 0x0000000080a00000| PB 0x0000000080a00000| Untracked |  0
|  11|0x0000000080b00000, 0x0000000080c00000, 0x0000000080c00000|100%| O|  |TAMS 0x0000000080b00000| PB 0x0000000080b00000| Untracked |  0
|  12|0x0000000080c00000, 0x0000000080d00000, 0x0000000080d00000|100%| O|  |TAMS 0x0000000080c00000| PB 0x0000000080c00000| Untracked |  0
|  13|0x0000000080d00000, 0x0000000080e00000, 0x0000000080e00000|100%| O|  |TAMS 0x0000000080d00000| PB 0x0000000080d00000| Untracked |  0
|  14|0x0000000080e00000, 0x0000000080f00000, 0x0000000080f00000|100%| O|  |TAMS 0x0000000080e00000| PB 0x0000000080e00000| Untracked |  0
|  15|0x0000000080f00000, 0x0000000081000000, 0x0000000081000000|100%| O|  |TAMS 0x0000000080f00000| PB 0x0000000080f00000| Untracked |  0
|  16|0x0000000081000000, 0x0000000081100000, 0x0000000081100000|100%| O|  |TAMS 0x0000000081000000| PB 0x0000000081000000| Untracked |  0
|  17|0x0000000081100000, 0x0000000081200000, 0x0000000081200000|100%| O|  |TAMS 0x0000000081100000| PB 0x0000000081100000| Untracked |  0
|  18|0x0000000081200000, 0x0000000081300000, 0x0000000081300000|100%| O|  |TAMS 0x0000000081200000| PB 0x0000000081200000| Untracked |  0
|  19|0x0000000081300000, 0x0000000081400000, 0x0000000081400000|100%| O|  |TAMS 0x0000000081300000| PB 0x0000000081300000| Untracked |  0
|  20|0x0000000081400000, 0x0000000081500000, 0x0000000081500000|100%| O|  |TAMS 0x0000000081400000| PB 0x0000000081400000| Untracked |  0
|  21|0x0000000081500000, 0x0000000081600000, 0x0000000081600000|100%| O|  |TAMS 0x0000000081500000| PB 0x0000000081500000| Untracked |  0
|  22|0x0000000081600000, 0x0000000081700000, 0x0000000081700000|100%| O|  |TAMS 0x0000000081600000| PB 0x0000000081600000| Untracked |  0
|  23|0x0000000081700000, 0x0000000081800000, 0x0000000081800000|100%| O|  |TAMS 0x0000000081700000| PB 0x0000000081700000| Untracked |  0
|  24|0x0000000081800000, 0x0000000081900000, 0x0000000081900000|100%|HS|  |TAMS 0x0000000081800000| PB 0x0000000081800000| Complete |  0
|  25|0x0000000081900000, 0x0000000081a00000, 0x0000000081a00000|100%|HC|  |TAMS 0x0000000081900000| PB 0x0000000081900000| Complete |  0
|  26|0x0000000081a00000, 0x0000000081b00000, 0x0000000081b00000|100%|HC|  |TAMS 0x0000000081a00000| PB 0x0000000081a00000| Complete |  0
|  27|0x0000000081b00000, 0x0000000081c00000, 0x0000000081c00000|100%|HC|  |TAMS 0x0000000081b00000| PB 0x0000000081b00000| Complete |  0
|  28|0x0000000081c00000, 0x0000000081d00000, 0x0000000081d00000|100%|HC|  |TAMS 0x0000000081c00000| PB 0x0000000081c00000| Complete |  0
|  29|0x0000000081d00000, 0x0000000081e00000, 0x0000000081e00000|100%|HC|  |TAMS 0x0000000081d00000| PB 0x0000000081d00000| Complete |  0
|  30|0x0000000081e00000, 0x0000000081f00000, 0x0000000081f00000|100%|HS|  |TAMS 0x0000000081e00000| PB 0x0000000081e00000| Complete |  0
|  31|0x0000000081f00000, 0x0000000082000000, 0x0000000082000000|100%|HS|  |TAMS 0x0000000081f00000| PB 0x0000000081f00000| Complete |  0
|  32|0x0000000082000000, 0x0000000082100000, 0x0000000082100000|100%| O|  |TAMS 0x0000000082000000| PB 0x0000000082000000| Untracked |  0
|  33|0x0000000082100000, 0x0000000082200000, 0x0000000082200000|100%| O|  |TAMS 0x0000000082100000| PB 0x0000000082100000| Untracked |  0
|  34|0x0000000082200000, 0x0000000082300000, 0x0000000082300000|100%| O|  |TAMS 0x0000000082200000| PB 0x0000000082200000| Untracked |  0
|  35|0x0000000082300000, 0x0000000082400000, 0x0000000082400000|100%| O|  |TAMS 0x0000000082300000| PB 0x0000000082300000| Untracked |  0
|  36|0x0000000082400000, 0x0000000082500000, 0x0000000082500000|100%| O|  |TAMS 0x0000000082400000| PB 0x0000000082400000| Untracked |  0
|  37|0x0000000082500000, 0x0000000082600000, 0x0000000082600000|100%| O|  |TAMS 0x0000000082500000| PB 0x0000000082500000| Untracked |  0
|  38|0x0000000082600000, 0x0000000082700000, 0x0000000082700000|100%|HS|  |TAMS 0x0000000082600000| PB 0x0000000082600000| Complete |  0
|  39|0x0000000082700000, 0x0000000082800000, 0x0000000082800000|100%|HC|  |TAMS 0x0000000082700000| PB 0x0000000082700000| Complete |  0
|  40|0x0000000082800000, 0x0000000082900000, 0x0000000082900000|100%|HC|  |TAMS 0x0000000082800000| PB 0x0000000082800000| Complete |  0
|  41|0x0000000082900000, 0x0000000082a00000, 0x0000000082a00000|100%|HC|  |TAMS 0x0000000082900000| PB 0x0000000082900000| Complete |  0
|  42|0x0000000082a00000, 0x0000000082b00000, 0x0000000082b00000|100%|HC|  |TAMS 0x0000000082a00000| PB 0x0000000082a00000| Complete |  0
|  43|0x0000000082b00000, 0x0000000082c00000, 0x0000000082c00000|100%|HC|  |TAMS 0x0000000082b00000| PB 0x0000000082b00000| Complete |  0
|  44|0x0000000082c00000, 0x0000000082d00000, 0x0000000082d00000|100%|HS|  |TAMS 0x0000000082c00000| PB 0x0000000082c00000| Complete |  0
|  45|0x0000000082d00000, 0x0000000082e00000, 0x0000000082e00000|100%|HS|  |TAMS 0x0000000082d00000| PB 0x0000000082d00000| Complete |  0
|  46|0x0000000082e00000, 0x0000000082f00000, 0x0000000082f00000|100%| O|  |TAMS 0x0000000082e00000| PB 0x0000000082e00000| Untracked |  0
|  47|0x0000000082f00000, 0x0000000083000000, 0x0000000083000000|100%| O|  |TAMS 0x0000000082f00000| PB 0x0000000082f00000| Untracked |  0
|  48|0x0000000083000000, 0x0000000083100000, 0x0000000083100000|100%| O|  |TAMS 0x0000000083000000| PB 0x0000000083000000| Untracked |  0
|  49|0x0000000083100000, 0x0000000083200000, 0x0000000083200000|100%| O|  |TAMS 0x0000000083100000| PB 0x0000000083100000| Untracked |  0
|  50|0x0000000083200000, 0x0000000083300000, 0x0000000083300000|100%| O|  |TAMS 0x0000000083200000| PB 0x0000000083200000| Untracked |  0
|  51|0x0000000083300000, 0x0000000083400000, 0x0000000083400000|100%| O|  |TAMS 0x0000000083300000| PB 0x0000000083300000| Untracked |  0
|  52|0x0000000083400000, 0x0000000083500000, 0x0000000083500000|100%| O|  |TAMS 0x0000000083400000| PB 0x0000000083400000| Untracked |  0
|  53|0x0000000083500000, 0x0000000083600000, 0x0000000083600000|100%| O|  |TAMS 0x0000000083500000| PB 0x0000000083500000| Untracked |  0
|  54|0x0000000083600000, 0x0000000083700000, 0x0000000083700000|100%| O|  |TAMS 0x0000000083600000| PB 0x0000000083600000| Untracked |  0
|  55|0x0000000083700000, 0x0000000083800000, 0x0000000083800000|100%| O|  |TAMS 0x0000000083700000| PB 0x0000000083700000| Untracked |  0
|  56|0x0000000083800000, 0x0000000083900000, 0x0000000083900000|100%| O|  |TAMS 0x0000000083800000| PB 0x0000000083800000| Untracked |  0
|  57|0x0000000083900000, 0x0000000083a00000, 0x0000000083a00000|100%| O|  |TAMS 0x0000000083900000| PB 0x0000000083900000| Untracked |  0
|  58|0x0000000083a00000, 0x0000000083b00000, 0x0000000083b00000|100%| O|  |TAMS 0x0000000083a00000| PB 0x0000000083a00000| Untracked |  0
|  59|0x0000000083b00000, 0x0000000083c00000, 0x0000000083c00000|100%| O|  |TAMS 0x0000000083b00000| PB 0x0000000083b00000| Untracked |  0
|  60|0x0000000083c00000, 0x0000000083d00000, 0x0000000083d00000|100%| O|  |TAMS 0x0000000083c00000| PB 0x0000000083c00000| Untracked |  0
|  61|0x0000000083d00000, 0x0000000083e00000, 0x0000000083e00000|100%| O|  |TAMS 0x0000000083d00000| PB 0x0000000083d00000| Untracked |  0
|  62|0x0000000083e00000, 0x0000000083f00000, 0x0000000083f00000|100%|HS|  |TAMS 0x0000000083e00000| PB 0x0000000083e00000| Complete |  0
|  63|0x0000000083f00000, 0x0000000084000000, 0x0000000084000000|100%| O|  |TAMS 0x0000000083f00000| PB 0x0000000083f00000| Untracked |  0
|  64|0x0000000084000000, 0x0000000084100000, 0x0000000084100000|100%| O|  |TAMS 0x0000000084000000| PB 0x0000000084000000| Untracked |  0
|  65|0x0000000084100000, 0x0000000084200000, 0x0000000084200000|100%| O|  |TAMS 0x0000000084100000| PB 0x0000000084100000| Untracked |  0
|  66|0x0000000084200000, 0x0000000084200000, 0x0000000084300000|  0%| F|  |TAMS 0x0000000084200000| PB 0x0000000084200000| Untracked |  0
|  67|0x0000000084300000, 0x0000000084300000, 0x0000000084400000|  0%| F|  |TAMS 0x0000000084300000| PB 0x0000000084300000| Untracked |  0
|  68|0x0000000084400000, 0x0000000084500000, 0x0000000084500000|100%|HS|  |TAMS 0x0000000084400000| PB 0x0000000084400000| Complete |  0
|  69|0x0000000084500000, 0x0000000084600000, 0x0000000084600000|100%| O|  |TAMS 0x0000000084500000| PB 0x0000000084500000| Untracked |  0
|  70|0x0000000084600000, 0x0000000084700000, 0x0000000084700000|100%| O|  |TAMS 0x0000000084600000| PB 0x0000000084600000| Untracked |  0
|  71|0x0000000084700000, 0x0000000084800000, 0x0000000084800000|100%| O|  |TAMS 0x0000000084700000| PB 0x0000000084700000| Untracked |  0
|  72|0x0000000084800000, 0x0000000084900000, 0x0000000084900000|100%|HS|  |TAMS 0x0000000084800000| PB 0x0000000084800000| Complete |  0
|  73|0x0000000084900000, 0x0000000084a00000, 0x0000000084a00000|100%|HC|  |TAMS 0x0000000084900000| PB 0x0000000084900000| Complete |  0
|  74|0x0000000084a00000, 0x0000000084b00000, 0x0000000084b00000|100%|HS|  |TAMS 0x0000000084a00000| PB 0x0000000084a00000| Complete |  0
|  75|0x0000000084b00000, 0x0000000084c00000, 0x0000000084c00000|100%|HS|  |TAMS 0x0000000084b00000| PB 0x0000000084b00000| Complete |  0
|  76|0x0000000084c00000, 0x0000000084d00000, 0x0000000084d00000|100%|HS|  |TAMS 0x0000000084c00000| PB 0x0000000084c00000| Complete |  0
|  77|0x0000000084d00000, 0x0000000084e00000, 0x0000000084e00000|100%| O|  |TAMS 0x0000000084d00000| PB 0x0000000084d00000| Untracked |  0
|  78|0x0000000084e00000, 0x0000000084f00000, 0x0000000084f00000|100%|HS|  |TAMS 0x0000000084e00000| PB 0x0000000084e00000| Complete |  0
|  79|0x0000000084f00000, 0x0000000085000000, 0x0000000085000000|100%|HS|  |TAMS 0x0000000084f00000| PB 0x0000000084f00000| Complete |  0
|  80|0x0000000085000000, 0x0000000085100000, 0x0000000085100000|100%|HS|  |TAMS 0x0000000085000000| PB 0x0000000085000000| Complete |  0
|  81|0x0000000085100000, 0x0000000085200000, 0x0000000085200000|100%| O|  |TAMS 0x0000000085100000| PB 0x0000000085100000| Untracked |  0
|  82|0x0000000085200000, 0x0000000085300000, 0x0000000085300000|100%| O|  |TAMS 0x0000000085200000| PB 0x0000000085200000| Untracked |  0
|  83|0x0000000085300000, 0x0000000085400000, 0x0000000085400000|100%|HS|  |TAMS 0x0000000085300000| PB 0x0000000085300000| Complete |  0
|  84|0x0000000085400000, 0x0000000085500000, 0x0000000085500000|100%|HC|  |TAMS 0x0000000085400000| PB 0x0000000085400000| Complete |  0
|  85|0x0000000085500000, 0x0000000085600000, 0x0000000085600000|100%| O|  |TAMS 0x0000000085500000| PB 0x0000000085500000| Untracked |  0
|  86|0x0000000085600000, 0x0000000085700000, 0x0000000085700000|100%| O|  |TAMS 0x0000000085600000| PB 0x0000000085600000| Untracked |  0
|  87|0x0000000085700000, 0x0000000085800000, 0x0000000085800000|100%| O|  |TAMS 0x0000000085700000| PB 0x0000000085700000| Untracked |  0
|  88|0x0000000085800000, 0x0000000085900000, 0x0000000085900000|100%| O|  |TAMS 0x0000000085800000| PB 0x0000000085800000| Untracked |  0
|  89|0x0000000085900000, 0x0000000085a00000, 0x0000000085a00000|100%| O|  |TAMS 0x0000000085900000| PB 0x0000000085900000| Untracked |  0
|  90|0x0000000085a00000, 0x0000000085b00000, 0x0000000085b00000|100%| O|  |TAMS 0x0000000085a00000| PB 0x0000000085a00000| Untracked |  0
|  91|0x0000000085b00000, 0x0000000085c00000, 0x0000000085c00000|100%| O|  |TAMS 0x0000000085b00000| PB 0x0000000085b00000| Untracked |  0
|  92|0x0000000085c00000, 0x0000000085d00000, 0x0000000085d00000|100%| O|  |TAMS 0x0000000085c00000| PB 0x0000000085c00000| Untracked |  0
|  93|0x0000000085d00000, 0x0000000085e00000, 0x0000000085e00000|100%| O|  |TAMS 0x0000000085d00000| PB 0x0000000085d00000| Untracked |  0
|  94|0x0000000085e00000, 0x0000000085e00000, 0x0000000085f00000|  0%| F|  |TAMS 0x0000000085e00000| PB 0x0000000085e00000| Untracked |  0
|  95|0x0000000085f00000, 0x0000000086000000, 0x0000000086000000|100%| O|  |TAMS 0x0000000085f00000| PB 0x0000000085f00000| Untracked |  0
|  96|0x0000000086000000, 0x0000000086100000, 0x0000000086100000|100%| O|  |TAMS 0x0000000086000000| PB 0x0000000086000000| Untracked |  0
|  97|0x0000000086100000, 0x0000000086200000, 0x0000000086200000|100%|HS|  |TAMS 0x0000000086100000| PB 0x0000000086100000| Complete |  0
|  98|0x0000000086200000, 0x0000000086300000, 0x0000000086300000|100%| O|  |TAMS 0x0000000086200000| PB 0x0000000086200000| Untracked |  0
|  99|0x0000000086300000, 0x0000000086400000, 0x0000000086400000|100%| O|  |TAMS 0x0000000086300000| PB 0x0000000086300000| Untracked |  0
| 100|0x0000000086400000, 0x0000000086500000, 0x0000000086500000|100%| O|  |TAMS 0x0000000086400000| PB 0x0000000086400000| Untracked |  0
| 101|0x0000000086500000, 0x000000008651e720, 0x0000000086600000| 11%| O|  |TAMS 0x0000000086500000| PB 0x0000000086500000| Untracked |  0
| 102|0x0000000086600000, 0x0000000086600000, 0x0000000086700000|  0%| F|  |TAMS 0x0000000086600000| PB 0x0000000086600000| Untracked |  0
| 103|0x0000000086700000, 0x0000000086700000, 0x0000000086800000|  0%| F|  |TAMS 0x0000000086700000| PB 0x0000000086700000| Untracked |  0
| 104|0x0000000086800000, 0x0000000086800000, 0x0000000086900000|  0%| F|  |TAMS 0x0000000086800000| PB 0x0000000086800000| Untracked |  0
| 105|0x0000000086900000, 0x0000000086900000, 0x0000000086a00000|  0%| F|  |TAMS 0x0000000086900000| PB 0x0000000086900000| Untracked |  0
| 106|0x0000000086a00000, 0x0000000086a00000, 0x0000000086b00000|  0%| F|  |TAMS 0x0000000086a00000| PB 0x0000000086a00000| Untracked |  0
| 107|0x0000000086b00000, 0x0000000086b00000, 0x0000000086c00000|  0%| F|  |TAMS 0x0000000086b00000| PB 0x0000000086b00000| Untracked |  0
| 108|0x0000000086c00000, 0x0000000086c00000, 0x0000000086d00000|  0%| F|  |TAMS 0x0000000086c00000| PB 0x0000000086c00000| Untracked |  0
| 109|0x0000000086d00000, 0x0000000086d00000, 0x0000000086e00000|  0%| F|  |TAMS 0x0000000086d00000| PB 0x0000000086d00000| Untracked |  0
| 110|0x0000000086e00000, 0x0000000086e00000, 0x0000000086f00000|  0%| F|  |TAMS 0x0000000086e00000| PB 0x0000000086e00000| Untracked |  0
| 111|0x0000000086f00000, 0x0000000086f00000, 0x0000000087000000|  0%| F|  |TAMS 0x0000000086f00000| PB 0x0000000086f00000| Untracked |  0
| 112|0x0000000087000000, 0x0000000087000000, 0x0000000087100000|  0%| F|  |TAMS 0x0000000087000000| PB 0x0000000087000000| Untracked |  0
| 113|0x0000000087100000, 0x0000000087100000, 0x0000000087200000|  0%| F|  |TAMS 0x0000000087100000| PB 0x0000000087100000| Untracked |  0
| 114|0x0000000087200000, 0x0000000087200000, 0x0000000087300000|  0%| F|  |TAMS 0x0000000087200000| PB 0x0000000087200000| Untracked |  0
| 115|0x0000000087300000, 0x0000000087300000, 0x0000000087400000|  0%| F|  |TAMS 0x0000000087300000| PB 0x0000000087300000| Untracked |  0
| 116|0x0000000087400000, 0x0000000087400000, 0x0000000087500000|  0%| F|  |TAMS 0x0000000087400000| PB 0x0000000087400000| Untracked |  0
| 117|0x0000000087500000, 0x0000000087500000, 0x0000000087600000|  0%| F|  |TAMS 0x0000000087500000| PB 0x0000000087500000| Untracked |  0
| 118|0x0000000087600000, 0x0000000087600000, 0x0000000087700000|  0%| F|  |TAMS 0x0000000087600000| PB 0x0000000087600000| Untracked |  0
| 119|0x0000000087700000, 0x0000000087700000, 0x0000000087800000|  0%| F|  |TAMS 0x0000000087700000| PB 0x0000000087700000| Untracked |  0
| 120|0x0000000087800000, 0x0000000087800000, 0x0000000087900000|  0%| F|  |TAMS 0x0000000087800000| PB 0x0000000087800000| Untracked |  0
| 121|0x0000000087900000, 0x0000000087900000, 0x0000000087a00000|  0%| F|  |TAMS 0x0000000087900000| PB 0x0000000087900000| Untracked |  0
| 122|0x0000000087a00000, 0x0000000087a00000, 0x0000000087b00000|  0%| F|  |TAMS 0x0000000087a00000| PB 0x0000000087a00000| Untracked |  0
| 123|0x0000000087b00000, 0x0000000087b00000, 0x0000000087c00000|  0%| F|  |TAMS 0x0000000087b00000| PB 0x0000000087b00000| Untracked |  0
| 124|0x0000000087c00000, 0x0000000087c00000, 0x0000000087d00000|  0%| F|  |TAMS 0x0000000087c00000| PB 0x0000000087c00000| Untracked |  0
| 125|0x0000000087d00000, 0x0000000087d2ad08, 0x0000000087e00000| 16%| S|CS|TAMS 0x0000000087d00000| PB 0x0000000087d00000| Complete |  0
| 126|0x0000000087e00000, 0x0000000087f00000, 0x0000000087f00000|100%| S|CS|TAMS 0x0000000087e00000| PB 0x0000000087e00000| Complete |  0
| 127|0x0000000087f00000, 0x0000000088000000, 0x0000000088000000|100%| S|CS|TAMS 0x0000000087f00000| PB 0x0000000087f00000| Complete |  0
| 128|0x0000000088000000, 0x0000000088000000, 0x0000000088100000|  0%| F|  |TAMS 0x0000000088000000| PB 0x0000000088000000| Untracked |  0
| 129|0x0000000088100000, 0x0000000088100000, 0x0000000088200000|  0%| F|  |TAMS 0x0000000088100000| PB 0x0000000088100000| Untracked |  0
| 130|0x0000000088200000, 0x0000000088200000, 0x0000000088300000|  0%| F|  |TAMS 0x0000000088200000| PB 0x0000000088200000| Untracked |  0
| 131|0x0000000088300000, 0x0000000088300000, 0x0000000088400000|  0%| F|  |TAMS 0x0000000088300000| PB 0x0000000088300000| Untracked |  0
| 132|0x0000000088400000, 0x0000000088400000, 0x0000000088500000|  0%| F|  |TAMS 0x0000000088400000| PB 0x0000000088400000| Untracked |  0
| 133|0x0000000088500000, 0x0000000088500000, 0x0000000088600000|  0%| F|  |TAMS 0x0000000088500000| PB 0x0000000088500000| Untracked |  0
| 134|0x0000000088600000, 0x0000000088600000, 0x0000000088700000|  0%| F|  |TAMS 0x0000000088600000| PB 0x0000000088600000| Untracked |  0
| 135|0x0000000088700000, 0x0000000088700000, 0x0000000088800000|  0%| F|  |TAMS 0x0000000088700000| PB 0x0000000088700000| Untracked |  0
| 136|0x0000000088800000, 0x0000000088800000, 0x0000000088900000|  0%| F|  |TAMS 0x0000000088800000| PB 0x0000000088800000| Untracked |  0
| 137|0x0000000088900000, 0x0000000088900000, 0x0000000088a00000|  0%| F|  |TAMS 0x0000000088900000| PB 0x0000000088900000| Untracked |  0
| 138|0x0000000088a00000, 0x0000000088a00000, 0x0000000088b00000|  0%| F|  |TAMS 0x0000000088a00000| PB 0x0000000088a00000| Untracked |  0
| 139|0x0000000088b00000, 0x0000000088b00000, 0x0000000088c00000|  0%| F|  |TAMS 0x0000000088b00000| PB 0x0000000088b00000| Untracked |  0
| 140|0x0000000088c00000, 0x0000000088c00000, 0x0000000088d00000|  0%| F|  |TAMS 0x0000000088c00000| PB 0x0000000088c00000| Untracked |  0
| 141|0x0000000088d00000, 0x0000000088d00000, 0x0000000088e00000|  0%| F|  |TAMS 0x0000000088d00000| PB 0x0000000088d00000| Untracked |  0
| 142|0x0000000088e00000, 0x0000000088e00000, 0x0000000088f00000|  0%| F|  |TAMS 0x0000000088e00000| PB 0x0000000088e00000| Untracked |  0
| 143|0x0000000088f00000, 0x0000000088f00000, 0x0000000089000000|  0%| F|  |TAMS 0x0000000088f00000| PB 0x0000000088f00000| Untracked |  0
| 144|0x0000000089000000, 0x0000000089000000, 0x0000000089100000|  0%| F|  |TAMS 0x0000000089000000| PB 0x0000000089000000| Untracked |  0
| 145|0x0000000089100000, 0x0000000089100000, 0x0000000089200000|  0%| F|  |TAMS 0x0000000089100000| PB 0x0000000089100000| Untracked |  0
| 146|0x0000000089200000, 0x0000000089200000, 0x0000000089300000|  0%| F|  |TAMS 0x0000000089200000| PB 0x0000000089200000| Untracked |  0
| 147|0x0000000089300000, 0x0000000089300000, 0x0000000089400000|  0%| F|  |TAMS 0x0000000089300000| PB 0x0000000089300000| Untracked |  0
| 148|0x0000000089400000, 0x0000000089400000, 0x0000000089500000|  0%| F|  |TAMS 0x0000000089400000| PB 0x0000000089400000| Untracked |  0
| 149|0x0000000089500000, 0x0000000089500000, 0x0000000089600000|  0%| F|  |TAMS 0x0000000089500000| PB 0x0000000089500000| Untracked |  0
| 150|0x0000000089600000, 0x0000000089600000, 0x0000000089700000|  0%| F|  |TAMS 0x0000000089600000| PB 0x0000000089600000| Untracked |  0
| 151|0x0000000089700000, 0x0000000089700000, 0x0000000089800000|  0%| F|  |TAMS 0x0000000089700000| PB 0x0000000089700000| Untracked |  0
| 152|0x0000000089800000, 0x0000000089800000, 0x0000000089900000|  0%| F|  |TAMS 0x0000000089800000| PB 0x0000000089800000| Untracked |  0
| 153|0x0000000089900000, 0x0000000089900000, 0x0000000089a00000|  0%| F|  |TAMS 0x0000000089900000| PB 0x0000000089900000| Untracked |  0
| 154|0x0000000089a00000, 0x0000000089a00000, 0x0000000089b00000|  0%| F|  |TAMS 0x0000000089a00000| PB 0x0000000089a00000| Untracked |  0
| 155|0x0000000089b00000, 0x0000000089b00000, 0x0000000089c00000|  0%| F|  |TAMS 0x0000000089b00000| PB 0x0000000089b00000| Untracked |  0
| 156|0x0000000089c00000, 0x0000000089c00000, 0x0000000089d00000|  0%| F|  |TAMS 0x0000000089c00000| PB 0x0000000089c00000| Untracked |  0
| 157|0x0000000089d00000, 0x0000000089d00000, 0x0000000089e00000|  0%| F|  |TAMS 0x0000000089d00000| PB 0x0000000089d00000| Untracked |  0
| 158|0x0000000089e00000, 0x0000000089e00000, 0x0000000089f00000|  0%| F|  |TAMS 0x0000000089e00000| PB 0x0000000089e00000| Untracked |  0
| 159|0x0000000089f00000, 0x0000000089f00000, 0x000000008a000000|  0%| F|  |TAMS 0x0000000089f00000| PB 0x0000000089f00000| Untracked |  0
| 160|0x000000008a000000, 0x000000008a000000, 0x000000008a100000|  0%| F|  |TAMS 0x000000008a000000| PB 0x000000008a000000| Untracked |  0
| 161|0x000000008a100000, 0x000000008a100000, 0x000000008a200000|  0%| F|  |TAMS 0x000000008a100000| PB 0x000000008a100000| Untracked |  0
| 162|0x000000008a200000, 0x000000008a200000, 0x000000008a300000|  0%| F|  |TAMS 0x000000008a200000| PB 0x000000008a200000| Untracked |  0
| 163|0x000000008a300000, 0x000000008a300000, 0x000000008a400000|  0%| F|  |TAMS 0x000000008a300000| PB 0x000000008a300000| Untracked |  0
| 164|0x000000008a400000, 0x000000008a4916c0, 0x000000008a500000| 56%| E|  |TAMS 0x000000008a400000| PB 0x000000008a400000| Complete |  0
| 165|0x000000008a500000, 0x000000008a600000, 0x000000008a600000|100%| E|CS|TAMS 0x000000008a500000| PB 0x000000008a500000| Complete |  0
| 166|0x000000008a600000, 0x000000008a700000, 0x000000008a700000|100%| E|CS|TAMS 0x000000008a600000| PB 0x000000008a600000| Complete |  0
| 167|0x000000008a700000, 0x000000008a800000, 0x000000008a800000|100%| E|CS|TAMS 0x000000008a700000| PB 0x000000008a700000| Complete |  0
| 168|0x000000008a800000, 0x000000008a900000, 0x000000008a900000|100%| E|CS|TAMS 0x000000008a800000| PB 0x000000008a800000| Complete |  0
| 169|0x000000008a900000, 0x000000008aa00000, 0x000000008aa00000|100%| E|CS|TAMS 0x000000008a900000| PB 0x000000008a900000| Complete |  0
| 170|0x000000008aa00000, 0x000000008ab00000, 0x000000008ab00000|100%| E|CS|TAMS 0x000000008aa00000| PB 0x000000008aa00000| Complete |  0
| 171|0x000000008ab00000, 0x000000008ac00000, 0x000000008ac00000|100%| E|CS|TAMS 0x000000008ab00000| PB 0x000000008ab00000| Complete |  0
|2041|0x00000000ff900000, 0x00000000ffa00000, 0x00000000ffa00000|100%| O|  |TAMS 0x00000000ff900000| PB 0x00000000ff900000| Untracked |  0
|2042|0x00000000ffa00000, 0x00000000ffb00000, 0x00000000ffb00000|100%| O|  |TAMS 0x00000000ffa00000| PB 0x00000000ffa00000| Untracked |  0
|2043|0x00000000ffb00000, 0x00000000ffc00000, 0x00000000ffc00000|100%| O|  |TAMS 0x00000000ffb00000| PB 0x00000000ffb00000| Untracked |  0
|2044|0x00000000ffc00000, 0x00000000ffd00000, 0x00000000ffd00000|100%| O|  |TAMS 0x00000000ffc00000| PB 0x00000000ffc00000| Untracked |  0
|2045|0x00000000ffd00000, 0x00000000ffe00000, 0x00000000ffe00000|100%| O|  |TAMS 0x00000000ffd00000| PB 0x00000000ffd00000| Untracked |  0
|2046|0x00000000ffe00000, 0x00000000fff00000, 0x00000000fff00000|100%| O|  |TAMS 0x00000000ffe00000| PB 0x00000000ffe00000| Untracked |  0
|2047|0x00000000fff00000, 0x0000000100000000, 0x0000000100000000|100%| O|  |TAMS 0x00000000fff00000| PB 0x00000000fff00000| Untracked |  0

Card table byte_map: [0x000001dccd430000,0x000001dccd830000] _byte_map_base: 0x000001dccd030000

Marking Bits: (CMBitMap*) 0x000001dcbab7b380
 Bits: [0x000001dccd830000, 0x000001dccf830000)

Polling page: 0x000001dcb88c0000

Metaspace:
Metaspace        used 93227K, committed 95296K, reserved 1179648K
 class space     used 13608K, committed 14592K, reserved 1048576K

Usage:
  Non-class:     77.75 MB used.
      Class:     13.29 MB used.
       Both:     91.04 MB used.

Virtual space:
  Non-class space:      128.00 MB reserved,      78.81 MB ( 62%) committed,  2 nodes.
      Class space:        1.00 GB reserved,      14.25 MB (  1%) committed,  1 nodes.
             Both:        1.12 GB reserved,      93.06 MB (  8%) committed. 

Chunk freelists:
   Non-Class:  864.00 KB
       Class:  1.64 MB
        Both:  2.48 MB

MaxMetaspaceSize: unlimited
CompressedClassSpaceSize: 1.00 GB
Initial GC threshold: 21.00 MB
Current GC threshold: 148.06 MB
CDS: off
 - commit_granule_bytes: 65536.
 - commit_granule_words: 8192.
 - virtual_space_node_default_size: 8388608.
 - enlarge_chunks_in_place: 1.
UseCompressedClassPointers 1, UseCompactObjectHeaders 0
Narrow klass pointer bits 32, Max shift 3
Narrow klass base: 0x0000000000000000, Narrow klass shift: 0
Encoding Range: [0x0000000000000000 - 0x0000000100000000), (4294967296 bytes)
Klass Range:    [0x0000000002000000 - 0x0000000042000000), (1073741824 bytes)
Klass ID Range:  [33554432 - 1107296249) (1073741817)
No protection zone.


Internal statistics:

num_allocs_failed_limit: 6.
num_arena_births: 3894.
num_arena_deaths: 0.
num_vsnodes_births: 3.
num_vsnodes_deaths: 0.
num_space_committed: 1489.
num_space_uncommitted: 0.
num_chunks_returned_to_freelist: 6.
num_chunks_taken_from_freelist: 7736.
num_chunk_merges: 3.
num_chunk_splits: 5079.
num_chunks_enlarged: 3265.
num_inconsistent_stats: 0.

CodeHeap 'non-profiled nmethods': size=120064Kb used=4126Kb max_used=4126Kb free=115937Kb
 bounds [0x000001dcc5af0000, 0x000001dcc5f00000, 0x000001dccd030000]
CodeHeap 'profiled nmethods': size=120064Kb used=12925Kb max_used=12925Kb free=107138Kb
 bounds [0x000001dcbe010000, 0x000001dcbecb0000, 0x000001dcc5550000]
CodeHeap 'non-nmethods': size=5760Kb used=2000Kb max_used=2135Kb free=3759Kb
 bounds [0x000001dcc5550000, 0x000001dcc57c0000, 0x000001dcc5af0000]
CodeCache: size=245888Kb, used=19051Kb, max_used=19186Kb, free=226834Kb
 total_blobs=10170, nmethods=9299, adapters=773, full_count=0
Compilation: enabled, stopped_count=0, restarted_count=0

Compilation events (20 events):
Event: 199.344 Thread 0x000001dcd1e2e3f0 nmethod 10903 0x000001dcbecac308 code [0x000001dcbecac400, 0x000001dcbecac848]
Event: 199.349 Thread 0x000001dcd1e2e3f0 10904       3       sun.reflect.annotation.AnnotationInvocationHandler::invoke (182 bytes)
Event: 199.350 Thread 0x000001dcd1e2e3f0 nmethod 10904 0x000001dcbecac888 code [0x000001dcbecac980, 0x000001dcbecadbe8]
Event: 199.350 Thread 0x000001dcd1e2e3f0 10905       3       org.gradle.internal.instantiation.generator.AsmBackedClassGenerator$ClassBuilderImpl::mixInDynamicAware (47 bytes)
Event: 199.351 Thread 0x000001dcd1e2e3f0 nmethod 10905 0x000001dcbecadc08 code [0x000001dcbecadd00, 0x000001dcbecae560]
Event: 199.356 Thread 0x000001dcd1e2e3f0 10906       3       java.util.Properties::<init> (32 bytes)
Event: 199.356 Thread 0x000001dcd1e2e3f0 nmethod 10906 0x000001dcbecae608 code [0x000001dcbecae720, 0x000001dcbecaebb8]
Event: 199.414 Thread 0x000001dcd1e2e3f0 10907       3       org.gradle.api.internal.plugins.DefaultPluginRegistry$PluginIdLookupCacheKey::hashCode (25 bytes)
Event: 199.415 Thread 0x000001dcd1e2e3f0 nmethod 10907 0x000001dcbecaec08 code [0x000001dcbecaed00, 0x000001dcbecaf040]
Event: 199.578 Thread 0x000001dcd1e2e3f0 10908       3       org.gradle.internal.time.ExponentialBackoff$Result::<init> (5 bytes)
Event: 199.578 Thread 0x000001dcd1e2e3f0 nmethod 10908 0x000001dcbecaf088 code [0x000001dcbecaf180, 0x000001dcbecaf2e0]
Event: 200.192 Thread 0x000001dcd1e26760 10909   !   4       java.util.concurrent.locks.AbstractQueuedSynchronizer::reacquire (64 bytes)
Event: 200.194 Thread 0x000001dcd1e26760 nmethod 10909 0x000001dcc5ef6d88 code [0x000001dcc5ef6e80, 0x000001dcc5ef6f80]
Event: 200.876 Thread 0x000001dcd1e2e3f0 10910       1       org.gradle.cache.internal.DefaultFileLockManager::access$600 (5 bytes)
Event: 200.876 Thread 0x000001dcd1e2e3f0 nmethod 10910 0x000001dcc5ef7088 code [0x000001dcc5ef7180, 0x000001dcc5ef7228]
Event: 201.726 Thread 0x000001dcd1e2e3f0 10912       3       java.util.concurrent.ThreadPoolExecutor$Worker::tryRelease (12 bytes)
Event: 201.726 Thread 0x000001dcd1e2e3f0 nmethod 10912 0x000001dcbecaf388 code [0x000001dcbecaf480, 0x000001dcbecaf6d8]
Event: 202.108 Thread 0x000001dcd1e26760 10913   !   4       java.util.concurrent.LinkedBlockingQueue::poll (128 bytes)
Event: 202.207 Thread 0x000001dcd1e2e3f0 10915       1       org.gradle.launcher.daemon.server.health.gc.GarbageCollectionEvent::getCount (5 bytes)
Event: 202.207 Thread 0x000001dcd1e2e3f0 nmethod 10915 0x000001dcc5ef7788 code [0x000001dcc5ef7880, 0x000001dcc5ef7948]

GC Heap Usage History (20 events):
Event: 171.072 {heap Before GC invocations=29 (full 0):
 garbage-first heap   total reserved 2097152K, committed 135168K, used 121282K [0x0000000080000000, 0x0000000100000000)
  region size 1024K, 43 young (44032K), 3 survivors (3072K)
}
Event: 171.078 {heap After GC invocations=30 (full 0):
 garbage-first heap   total reserved 2097152K, committed 135168K, used 81591K [0x0000000080000000, 0x0000000100000000)
  region size 1024K, 4 young (4096K), 4 survivors (4096K)
}
Event: 171.837 {heap Before GC invocations=30 (full 0):
 garbage-first heap   total reserved 2097152K, committed 135168K, used 112311K [0x0000000080000000, 0x0000000100000000)
  region size 1024K, 36 young (36864K), 4 survivors (4096K)
}
Event: 171.842 {heap After GC invocations=31 (full 0):
 garbage-first heap   total reserved 2097152K, committed 135168K, used 82570K [0x0000000080000000, 0x0000000100000000)
  region size 1024K, 5 young (5120K), 5 survivors (5120K)
}
Event: 173.139 {heap Before GC invocations=32 (full 0):
 garbage-first heap   total reserved 2097152K, committed 143360K, used 132746K [0x0000000080000000, 0x0000000100000000)
  region size 1024K, 44 young (45056K), 5 survivors (5120K)
}
Event: 173.144 {heap After GC invocations=33 (full 0):
 garbage-first heap   total reserved 2097152K, committed 143360K, used 96632K [0x0000000080000000, 0x0000000100000000)
  region size 1024K, 6 young (6144K), 6 survivors (6144K)
}
Event: 176.885 {heap Before GC invocations=33 (full 0):
 garbage-first heap   total reserved 2097152K, committed 143360K, used 130424K [0x0000000080000000, 0x0000000100000000)
  region size 1024K, 40 young (40960K), 6 survivors (6144K)
}
Event: 176.902 {heap After GC invocations=34 (full 0):
 garbage-first heap   total reserved 2097152K, committed 143360K, used 96652K [0x0000000080000000, 0x0000000100000000)
  region size 1024K, 2 young (2048K), 2 survivors (2048K)
}
Event: 185.085 {heap Before GC invocations=34 (full 0):
 garbage-first heap   total reserved 2097152K, committed 143360K, used 132492K [0x0000000080000000, 0x0000000100000000)
  region size 1024K, 37 young (37888K), 2 survivors (2048K)
}
Event: 185.093 {heap After GC invocations=35 (full 0):
 garbage-first heap   total reserved 2097152K, committed 143360K, used 97422K [0x0000000080000000, 0x0000000100000000)
  region size 1024K, 3 young (3072K), 3 survivors (3072K)
}
Event: 188.696 {heap Before GC invocations=36 (full 0):
 garbage-first heap   total reserved 2097152K, committed 163840K, used 135310K [0x0000000080000000, 0x0000000100000000)
  region size 1024K, 38 young (38912K), 3 survivors (3072K)
}
Event: 188.704 {heap After GC invocations=37 (full 0):
 garbage-first heap   total reserved 2097152K, committed 163840K, used 100673K [0x0000000080000000, 0x0000000100000000)
  region size 1024K, 4 young (4096K), 4 survivors (4096K)
}
Event: 192.864 {heap Before GC invocations=37 (full 0):
 garbage-first heap   total reserved 2097152K, committed 163840K, used 150849K [0x0000000080000000, 0x0000000100000000)
  region size 1024K, 53 young (54272K), 4 survivors (4096K)
}
Event: 192.880 {heap After GC invocations=38 (full 0):
 garbage-first heap   total reserved 2097152K, committed 163840K, used 103555K [0x0000000080000000, 0x0000000100000000)
  region size 1024K, 7 young (7168K), 7 survivors (7168K)
}
Event: 192.981 {heap Before GC invocations=38 (full 0):
 garbage-first heap   total reserved 2097152K, committed 163840K, used 104579K [0x0000000080000000, 0x0000000100000000)
  region size 1024K, 9 young (9216K), 7 survivors (7168K)
}
Event: 193.018 {heap After GC invocations=39 (full 0):
 garbage-first heap   total reserved 2097152K, committed 163840K, used 105177K [0x0000000080000000, 0x0000000100000000)
  region size 1024K, 2 young (2048K), 2 survivors (2048K)
}
Event: 195.633 {heap Before GC invocations=40 (full 0):
 garbage-first heap   total reserved 2097152K, committed 183296K, used 142041K [0x0000000080000000, 0x0000000100000000)
  region size 1024K, 33 young (33792K), 2 survivors (2048K)
}
Event: 195.640 {heap After GC invocations=41 (full 0):
 garbage-first heap   total reserved 2097152K, committed 183296K, used 109069K [0x0000000080000000, 0x0000000100000000)
  region size 1024K, 5 young (5120K), 5 survivors (5120K)
}
Event: 198.987 {heap Before GC invocations=41 (full 0):
 garbage-first heap   total reserved 2097152K, committed 183296K, used 149005K [0x0000000080000000, 0x0000000100000000)
  region size 1024K, 44 young (45056K), 5 survivors (5120K)
}
Event: 198.999 {heap After GC invocations=42 (full 0):
 garbage-first heap   total reserved 2097152K, committed 183296K, used 109861K [0x0000000080000000, 0x0000000100000000)
  region size 1024K, 3 young (3072K), 3 survivors (3072K)
}

Metaspace Usage History (20 events):
Event: 171.072 {metaspace Before GC invocations=29 (full 0):
 Metaspace       used 73653K, committed 75520K, reserved 1114112K
  class space    used 10986K, committed 11840K, reserved 1048576K
}
Event: 171.078 {metaspace After GC invocations=30 (full 0):
 Metaspace       used 73653K, committed 75520K, reserved 1114112K
  class space    used 10986K, committed 11840K, reserved 1048576K
}
Event: 171.837 {metaspace Before GC invocations=30 (full 0):
 Metaspace       used 73993K, committed 75904K, reserved 1114112K
  class space    used 11039K, committed 11904K, reserved 1048576K
}
Event: 171.842 {metaspace After GC invocations=31 (full 0):
 Metaspace       used 73993K, committed 75904K, reserved 1114112K
  class space    used 11039K, committed 11904K, reserved 1048576K
}
Event: 173.139 {metaspace Before GC invocations=32 (full 0):
 Metaspace       used 75441K, committed 77376K, reserved 1114112K
  class space    used 11198K, committed 12096K, reserved 1048576K
}
Event: 173.144 {metaspace After GC invocations=33 (full 0):
 Metaspace       used 75441K, committed 77376K, reserved 1114112K
  class space    used 11198K, committed 12096K, reserved 1048576K
}
Event: 176.885 {metaspace Before GC invocations=33 (full 0):
 Metaspace       used 78331K, committed 80256K, reserved 1179648K
  class space    used 11528K, committed 12416K, reserved 1048576K
}
Event: 176.902 {metaspace After GC invocations=34 (full 0):
 Metaspace       used 78331K, committed 80256K, reserved 1179648K
  class space    used 11528K, committed 12416K, reserved 1048576K
}
Event: 185.085 {metaspace Before GC invocations=34 (full 0):
 Metaspace       used 81982K, committed 83904K, reserved 1179648K
  class space    used 11933K, committed 12864K, reserved 1048576K
}
Event: 185.093 {metaspace After GC invocations=35 (full 0):
 Metaspace       used 81982K, committed 83904K, reserved 1179648K
  class space    used 11933K, committed 12864K, reserved 1048576K
}
Event: 188.696 {metaspace Before GC invocations=36 (full 0):
 Metaspace       used 85114K, committed 87168K, reserved 1179648K
  class space    used 12482K, committed 13440K, reserved 1048576K
}
Event: 188.704 {metaspace After GC invocations=37 (full 0):
 Metaspace       used 85114K, committed 87168K, reserved 1179648K
  class space    used 12482K, committed 13440K, reserved 1048576K
}
Event: 192.864 {metaspace Before GC invocations=37 (full 0):
 Metaspace       used 88807K, committed 90816K, reserved 1179648K
  class space    used 12997K, committed 13952K, reserved 1048576K
}
Event: 192.880 {metaspace After GC invocations=38 (full 0):
 Metaspace       used 88807K, committed 90816K, reserved 1179648K
  class space    used 12997K, committed 13952K, reserved 1048576K
}
Event: 192.981 {metaspace Before GC invocations=38 (full 0):
 Metaspace       used 88903K, committed 90944K, reserved 1179648K
  class space    used 13008K, committed 14016K, reserved 1048576K
}
Event: 193.018 {metaspace After GC invocations=39 (full 0):
 Metaspace       used 88903K, committed 90944K, reserved 1179648K
  class space    used 13008K, committed 14016K, reserved 1048576K
}
Event: 195.633 {metaspace Before GC invocations=40 (full 0):
 Metaspace       used 90147K, committed 92160K, reserved 1179648K
  class space    used 13196K, committed 14144K, reserved 1048576K
}
Event: 195.640 {metaspace After GC invocations=41 (full 0):
 Metaspace       used 90147K, committed 92160K, reserved 1179648K
  class space    used 13196K, committed 14144K, reserved 1048576K
}
Event: 198.987 {metaspace Before GC invocations=41 (full 0):
 Metaspace       used 92817K, committed 94912K, reserved 1179648K
  class space    used 13530K, committed 14528K, reserved 1048576K
}
Event: 198.999 {metaspace After GC invocations=42 (full 0):
 Metaspace       used 92817K, committed 94912K, reserved 1179648K
  class space    used 13530K, committed 14528K, reserved 1048576K
}

Dll operation events (3 events):
Event: 0.198 Loaded shared library C:\Program Files\Android\Android Studio\jbr\bin\java.dll
Event: 0.490 Loaded shared library C:\Program Files\Android\Android Studio\jbr\bin\zip.dll
Event: 47.515 Loaded shared library C:\Program Files\Android\Android Studio\jbr\bin\verify.dll

Deoptimization events (20 events):
Event: 198.825 Thread 0x000001dcd7541f70 Uncommon trap: trap_request=0xffffff45 fr.pc=0x000001dcc5da2a98 relative=0x0000000000000618
Event: 198.825 Thread 0x000001dcd7541f70 Uncommon trap: reason=unstable_if action=reinterpret pc=0x000001dcc5da2a98 method=sun.reflect.annotation.AnnotationInvocationHandler.invoke(Ljava/lang/Object;Ljava/lang/reflect/Method;[Ljava/lang/Object;)Ljava/lang/Object; @ 15 c2
Event: 198.825 Thread 0x000001dcd7541f70 DEOPT PACKING pc=0x000001dcc5da2a98 sp=0x0000005b95cf4040
Event: 198.825 Thread 0x000001dcd7541f70 DEOPT UNPACKING pc=0x000001dcc55d4602 sp=0x0000005b95cf3fe8 mode 2
Event: 198.893 Thread 0x000001dcd7541f70 Uncommon trap: trap_request=0xffffff45 fr.pc=0x000001dcc5e6abbc relative=0x000000000000013c
Event: 198.893 Thread 0x000001dcd7541f70 Uncommon trap: reason=unstable_if action=reinterpret pc=0x000001dcc5e6abbc method=org.objectweb.asm.ByteVector.putByteArray([BII)Lorg/objectweb/asm/ByteVector; @ 20 c2
Event: 198.893 Thread 0x000001dcd7541f70 DEOPT PACKING pc=0x000001dcc5e6abbc sp=0x0000005b95cf2d70
Event: 198.893 Thread 0x000001dcd7541f70 DEOPT UNPACKING pc=0x000001dcc55d4602 sp=0x0000005b95cf2d40 mode 2
Event: 198.893 Thread 0x000001dcd7541f70 Uncommon trap: trap_request=0xffffff45 fr.pc=0x000001dcc5d994a0 relative=0x00000000000006a0
Event: 198.893 Thread 0x000001dcd7541f70 Uncommon trap: reason=unstable_if action=reinterpret pc=0x000001dcc5d994a0 method=org.objectweb.asm.Label.resolve([BLorg/objectweb/asm/ByteVector;I)Z @ 81 c2
Event: 198.893 Thread 0x000001dcd7541f70 DEOPT PACKING pc=0x000001dcc5d994a0 sp=0x0000005b95cf2db0
Event: 198.893 Thread 0x000001dcd7541f70 DEOPT UNPACKING pc=0x000001dcc55d4602 sp=0x0000005b95cf2cb8 mode 2
Event: 198.893 Thread 0x000001dcd7541f70 Uncommon trap: trap_request=0xffffff45 fr.pc=0x000001dcc5c2cfbc relative=0x000000000000023c
Event: 198.893 Thread 0x000001dcd7541f70 Uncommon trap: reason=unstable_if action=reinterpret pc=0x000001dcc5c2cfbc method=org.objectweb.asm.Label.resolve([BLorg/objectweb/asm/ByteVector;I)Z @ 81 c2
Event: 198.893 Thread 0x000001dcd7541f70 DEOPT PACKING pc=0x000001dcc5c2cfbc sp=0x0000005b95cf2d20
Event: 198.893 Thread 0x000001dcd7541f70 DEOPT UNPACKING pc=0x000001dcc55d4602 sp=0x0000005b95cf2cb0 mode 2
Event: 199.346 Thread 0x000001dcd7541f70 Uncommon trap: trap_request=0xffffff45 fr.pc=0x000001dcc5d2acec relative=0x00000000000013ec
Event: 199.346 Thread 0x000001dcd7541f70 Uncommon trap: reason=unstable_if action=reinterpret pc=0x000001dcc5d2acec method=sun.nio.fs.WindowsPath.getPathForWin32Calls(Z)Ljava/lang/String; @ 21 c2
Event: 199.346 Thread 0x000001dcd7541f70 DEOPT PACKING pc=0x000001dcc5d2acec sp=0x0000005b95cf4280
Event: 199.346 Thread 0x000001dcd7541f70 DEOPT UNPACKING pc=0x000001dcc55d4602 sp=0x0000005b95cf3f98 mode 2

Classes loaded (20 events):
Event: 192.922 Loading class sun/security/util/Length
Event: 192.922 Loading class sun/security/util/Length done
Event: 192.922 Loading class javax/crypto/SecretKey
Event: 192.923 Loading class javax/crypto/SecretKey done
Event: 192.925 Loading class java/util/Base64
Event: 192.925 Loading class java/util/Base64 done
Event: 192.925 Loading class java/util/Base64$Decoder
Event: 192.926 Loading class java/util/Base64$Decoder done
Event: 192.926 Loading class java/util/Base64$Encoder
Event: 192.929 Loading class java/util/Base64$Encoder done
Event: 192.939 Loading class java/util/jar/JarVerifier$VerifierStream
Event: 192.940 Loading class java/util/jar/JarVerifier$VerifierStream done
Event: 192.940 Loading class sun/security/util/ManifestEntryVerifier$SunProviderHolder
Event: 192.940 Loading class sun/security/util/ManifestEntryVerifier$SunProviderHolder done
Event: 193.395 Loading class sun/security/util/MemoryCache$QueueCacheEntry
Event: 193.399 Loading class sun/security/util/MemoryCache$QueueCacheEntry done
Event: 197.625 Loading class java/security/KeyStore
Event: 197.675 Loading class java/security/KeyStore done
Event: 198.708 Loading class javax/xml/stream/XMLStreamException
Event: 198.708 Loading class javax/xml/stream/XMLStreamException done

Classes unloaded (0 events):
No events

Classes redefined (0 events):
No events

Internal exceptions (20 events):
Event: 199.352 Thread 0x000001dcd7541f70 Exception <a 'sun/nio/fs/WindowsException'{0x000000008a5b9e18}> (0x000000008a5b9e18) 
thrown [s\src\hotspot\share\prims\jni.cpp, line 535]
Event: 199.354 Thread 0x000001dcd7541f70 Exception <a 'sun/nio/fs/WindowsException'{0x000000008a5c7af8}> (0x000000008a5c7af8) 
thrown [s\src\hotspot\share\prims\jni.cpp, line 535]
Event: 199.355 Thread 0x000001dcd7541f70 Exception <a 'sun/nio/fs/WindowsException'{0x000000008a5d0bb8}> (0x000000008a5d0bb8) 
thrown [s\src\hotspot\share\prims\jni.cpp, line 535]
Event: 199.357 Thread 0x000001dcd7541f70 Exception <a 'sun/nio/fs/WindowsException'{0x000000008a5d82c0}> (0x000000008a5d82c0) 
thrown [s\src\hotspot\share\prims\jni.cpp, line 535]
Event: 199.358 Thread 0x000001dcd7541f70 Exception <a 'sun/nio/fs/WindowsException'{0x000000008a5df540}> (0x000000008a5df540) 
thrown [s\src\hotspot\share\prims\jni.cpp, line 535]
Event: 199.360 Thread 0x000001dcd7541f70 Exception <a 'sun/nio/fs/WindowsException'{0x000000008a5e6828}> (0x000000008a5e6828) 
thrown [s\src\hotspot\share\prims\jni.cpp, line 535]
Event: 199.361 Thread 0x000001dcd7541f70 Exception <a 'sun/nio/fs/WindowsException'{0x000000008a5edf70}> (0x000000008a5edf70) 
thrown [s\src\hotspot\share\prims\jni.cpp, line 535]
Event: 199.404 Thread 0x000001dcd7541f70 Exception <a 'sun/nio/fs/WindowsException'{0x000000008a5f5230}> (0x000000008a5f5230) 
thrown [s\src\hotspot\share\prims\jni.cpp, line 535]
Event: 199.407 Thread 0x000001dcd7541f70 Exception <a 'sun/nio/fs/WindowsException'{0x000000008a402f08}> (0x000000008a402f08) 
thrown [s\src\hotspot\share\prims\jni.cpp, line 535]
Event: 199.409 Thread 0x000001dcd7541f70 Exception <a 'sun/nio/fs/WindowsException'{0x000000008a40eca0}> (0x000000008a40eca0) 
thrown [s\src\hotspot\share\prims\jni.cpp, line 535]
Event: 199.410 Thread 0x000001dcd7541f70 Exception <a 'sun/nio/fs/WindowsException'{0x000000008a4114e0}> (0x000000008a4114e0) 
thrown [s\src\hotspot\share\prims\jni.cpp, line 535]
Event: 199.411 Thread 0x000001dcd7541f70 Exception <a 'sun/nio/fs/WindowsException'{0x000000008a418ac8}> (0x000000008a418ac8) 
thrown [s\src\hotspot\share\prims\jni.cpp, line 535]
Event: 199.412 Thread 0x000001dcd7541f70 Exception <a 'sun/nio/fs/WindowsException'{0x000000008a41b310}> (0x000000008a41b310) 
thrown [s\src\hotspot\share\prims\jni.cpp, line 535]
Event: 199.412 Thread 0x000001dcd7541f70 Exception <a 'sun/nio/fs/WindowsException'{0x000000008a41db60}> (0x000000008a41db60) 
thrown [s\src\hotspot\share\prims\jni.cpp, line 535]
Event: 199.413 Thread 0x000001dcd7541f70 Exception <a 'sun/nio/fs/WindowsException'{0x000000008a425470}> (0x000000008a425470) 
thrown [s\src\hotspot\share\prims\jni.cpp, line 535]
Event: 199.414 Thread 0x000001dcd7541f70 Exception <a 'sun/nio/fs/WindowsException'{0x000000008a42c818}> (0x000000008a42c818) 
thrown [s\src\hotspot\share\prims\jni.cpp, line 535]
Event: 199.415 Thread 0x000001dcd7541f70 Exception <a 'sun/nio/fs/WindowsException'{0x000000008a433f98}> (0x000000008a433f98) 
thrown [s\src\hotspot\share\prims\jni.cpp, line 535]
Event: 199.416 Thread 0x000001dcd7541f70 Exception <a 'sun/nio/fs/WindowsException'{0x000000008a436d98}> (0x000000008a436d98) 
thrown [s\src\hotspot\share\prims\jni.cpp, line 535]
Event: 199.417 Thread 0x000001dcd7541f70 Exception <a 'sun/nio/fs/WindowsException'{0x000000008a4394c8}> (0x000000008a4394c8) 
thrown [s\src\hotspot\share\prims\jni.cpp, line 535]
Event: 199.421 Thread 0x000001dcd7541f70 Exception <a 'sun/nio/fs/WindowsException'{0x000000008a4451b0}> (0x000000008a4451b0) 
thrown [s\src\hotspot\share\prims\jni.cpp, line 535]

VM Operations (20 events):
Event: 192.544 Executing non-safepoint VM operation: HandshakeAllThreads (Deoptimize)
Event: 192.545 Executing non-safepoint VM operation: HandshakeAllThreads (Deoptimize) done
Event: 192.629 Executing non-safepoint VM operation: HandshakeAllThreads (Deoptimize)
Event: 192.629 Executing non-safepoint VM operation: HandshakeAllThreads (Deoptimize) done
Event: 192.724 Executing non-safepoint VM operation: HandshakeAllThreads (Deoptimize)
Event: 192.724 Executing non-safepoint VM operation: HandshakeAllThreads (Deoptimize) done
Event: 192.726 Executing non-safepoint VM operation: HandshakeAllThreads (Deoptimize)
Event: 192.726 Executing non-safepoint VM operation: HandshakeAllThreads (Deoptimize) done
Event: 192.841 Executing safepoint VM operation: G1CollectForAllocation (G1 Evacuation Pause)
Event: 192.880 Executing safepoint VM operation: G1CollectForAllocation (G1 Evacuation Pause) done
Event: 192.981 Executing safepoint VM operation: G1TryInitiateConcMark (G1 Humongous Allocation)
Event: 193.018 Executing safepoint VM operation: G1TryInitiateConcMark (G1 Humongous Allocation) done
Event: 193.152 Executing safepoint VM operation: G1PauseRemark
Event: 193.163 Executing safepoint VM operation: G1PauseRemark done
Event: 193.216 Executing safepoint VM operation: G1PauseCleanup
Event: 193.219 Executing safepoint VM operation: G1PauseCleanup done
Event: 195.633 Executing safepoint VM operation: G1CollectForAllocation (G1 Evacuation Pause)
Event: 195.640 Executing safepoint VM operation: G1CollectForAllocation (G1 Evacuation Pause) done
Event: 198.987 Executing safepoint VM operation: G1CollectForAllocation (G1 Evacuation Pause)
Event: 198.999 Executing safepoint VM operation: G1CollectForAllocation (G1 Evacuation Pause) done

Memory protections (0 events):
No events

Nmethod flushes (20 events):
Event: 193.162 Thread 0x000001dcd1da5ef0 flushing  nmethod 0x000001dcbe4d6e08
Event: 193.162 Thread 0x000001dcd1da5ef0 flushing  nmethod 0x000001dcbe544e88
Event: 193.162 Thread 0x000001dcd1da5ef0 flushing  nmethod 0x000001dcbe5dfa08
Event: 193.162 Thread 0x000001dcd1da5ef0 flushing  nmethod 0x000001dcbe5dfe08
Event: 193.162 Thread 0x000001dcd1da5ef0 flushing  nmethod 0x000001dcbe61d788
Event: 193.162 Thread 0x000001dcd1da5ef0 flushing  nmethod 0x000001dcbe76c388
Event: 193.162 Thread 0x000001dcd1da5ef0 flushing  nmethod 0x000001dcbe76f108
Event: 193.162 Thread 0x000001dcd1da5ef0 flushing  nmethod 0x000001dcbe76f488
Event: 193.162 Thread 0x000001dcd1da5ef0 flushing  nmethod 0x000001dcbe93e288
Event: 193.162 Thread 0x000001dcd1da5ef0 flushing  nmethod 0x000001dcbe994108
Event: 193.162 Thread 0x000001dcd1da5ef0 flushing  nmethod 0x000001dcbe3b7008
Event: 193.162 Thread 0x000001dcd1da5ef0 flushing  nmethod 0x000001dcbe4d0b88
Event: 193.162 Thread 0x000001dcd1da5ef0 flushing  nmethod 0x000001dcbe4fc888
Event: 193.162 Thread 0x000001dcd1da5ef0 flushing  nmethod 0x000001dcbe5e9b08
Event: 193.162 Thread 0x000001dcd1da5ef0 flushing  nmethod 0x000001dcbe6b6e08
Event: 193.162 Thread 0x000001dcd1da5ef0 flushing  nmethod 0x000001dcbe6ebb08
Event: 193.162 Thread 0x000001dcd1da5ef0 flushing  nmethod 0x000001dcbe74da88
Event: 193.162 Thread 0x000001dcd1da5ef0 flushing  nmethod 0x000001dcbe7a7608
Event: 193.162 Thread 0x000001dcd1da5ef0 flushing  nmethod 0x000001dcbe7ee208
Event: 193.162 Thread 0x000001dcd1da5ef0 flushing  nmethod 0x000001dcbe979d88

Events (20 events):
Event: 104.942 Thread 0x000001dcd7541f70 Thread added: 0x000001dcd7542f10
Event: 110.346 Thread 0x000001dcd7541f70 Thread added: 0x000001dcd7544680
Event: 122.555 Thread 0x000001dcd7542f10 Thread added: 0x000001dcd6d851e0
Event: 124.372 Thread 0x000001dcd7541f70 Thread added: 0x000001dcd6d880c0
Event: 124.516 Thread 0x000001dcd7541f70 Thread added: 0x000001dcd6d88890
Event: 125.725 Thread 0x000001dcd7541f70 Thread added: 0x000001dcd6d8a000
Event: 125.758 Thread 0x000001dcd7541f70 Thread added: 0x000001dcd6d8a7d0
Event: 126.107 Thread 0x000001dcd7541f70 Thread added: 0x000001dcd6d8afa0
Event: 126.107 Thread 0x000001dcd7541f70 Thread added: 0x000001dcd6d8b770
Event: 126.107 Thread 0x000001dcd7541f70 Thread added: 0x000001dcd90be890
Event: 126.107 Thread 0x000001dcd7541f70 Thread added: 0x000001dcd90c0000
Event: 129.378 Thread 0x000001dcd7541f70 Thread added: 0x000001dcd90bf060
Event: 129.949 Thread 0x000001dcd7541f70 Thread added: 0x000001dcd90c4650
Event: 140.587 Thread 0x000001dcd7541f70 Thread added: 0x000001dcd90c4e20
Event: 140.890 Thread 0x000001dcd7541f70 Thread added: 0x000001dcd90c1f40
Event: 151.487 Thread 0x000001dcd7541f70 Thread added: 0x000001dcd9750fa0
Event: 151.489 Thread 0x000001dcd7541f70 Thread added: 0x000001dcd9754e20
Event: 151.719 Thread 0x000001dcd7541f70 Thread added: 0x000001dcd9751f40
Event: 151.720 Thread 0x000001dcd7541f70 Thread added: 0x000001dcd97584d0
Event: 186.703 Thread 0x000001dcd7541f70 Thread added: 0x000001dcd7f02f40


Dynamic libraries:
0x00007ff63ae30000 - 0x00007ff63ae3a000 	C:\Program Files\Android\Android Studio\jbr\bin\java.exe
0x00007ffbfd160000 - 0x00007ffbfd3c7000 	C:\Windows\SYSTEM32\ntdll.dll
0x00007ffbfb810000 - 0x00007ffbfb8da000 	C:\Windows\System32\KERNEL32.DLL
0x00007ffbfaa80000 - 0x00007ffbfae82000 	C:\Windows\System32\KERNELBASE.dll
0x00007ffbfa370000 - 0x00007ffbfa4bc000 	C:\Windows\System32\ucrtbase.dll
0x00007ffbe9870000 - 0x00007ffbe9886000 	C:\Program Files\Android\Android Studio\jbr\bin\jli.dll
0x00007ffbfb630000 - 0x00007ffbfb7ff000 	C:\Windows\System32\USER32.dll
0x00007ffbfaa50000 - 0x00007ffbfaa77000 	C:\Windows\System32\win32u.dll
0x00007ffbfceb0000 - 0x00007ffbfcedb000 	C:\Windows\System32\GDI32.dll
0x00007ffbfa920000 - 0x00007ffbfaa49000 	C:\Windows\System32\gdi32full.dll
0x00007ffbfa6f0000 - 0x00007ffbfa793000 	C:\Windows\System32\msvcp_win.dll
0x00007ffb6bab0000 - 0x00007ffb6bacb000 	C:\Program Files\Android\Android Studio\jbr\bin\VCRUNTIME140.dll
0x00007ffbdf660000 - 0x00007ffbdf8f0000 	C:\Windows\WinSxS\amd64_microsoft.windows.common-controls_6595b64144ccf1df_6.0.26100.9278_none_3e0d1ba8e3303201\COMCTL32.dll
0x00007ffbfc160000 - 0x00007ffbfc209000 	C:\Windows\System32\msvcrt.dll
0x00007ffbfbeb0000 - 0x00007ffbfbee1000 	C:\Windows\System32\IMM32.DLL
0x00007ffb7bff0000 - 0x00007ffb7bffc000 	C:\Program Files\Android\Android Studio\jbr\bin\vcruntime140_1.dll
0x00007ffb66780000 - 0x00007ffb6680d000 	C:\Program Files\Android\Android Studio\jbr\bin\msvcp140.dll
0x00007ffb65760000 - 0x00007ffb6663d000 	C:\Program Files\Android\Android Studio\jbr\bin\server\jvm.dll
0x00007ffbfc300000 - 0x00007ffbfc3bc000 	C:\Windows\System32\ADVAPI32.dll
0x00007ffbfbdd0000 - 0x00007ffbfbe79000 	C:\Windows\System32\sechost.dll
0x00007ffbfcfe0000 - 0x00007ffbfd0f8000 	C:\Windows\System32\RPCRT4.dll
0x00007ffbfc270000 - 0x00007ffbfc2f0000 	C:\Windows\System32\WS2_32.dll
0x00007ffbfa1d0000 - 0x00007ffbfa22e000 	C:\Windows\SYSTEM32\POWRPROF.dll
0x00007ffbf6ef0000 - 0x00007ffbf6f26000 	C:\Windows\SYSTEM32\WINMM.dll
0x00007ffbef2e0000 - 0x00007ffbef2eb000 	C:\Windows\SYSTEM32\VERSION.dll
0x00007ffbfa1b0000 - 0x00007ffbfa1c5000 	C:\Windows\SYSTEM32\UMPDC.dll
0x00007ffbf9010000 - 0x00007ffbf902b000 	C:\Windows\SYSTEM32\kernel.appcore.dll
0x00007ffb78650000 - 0x00007ffb7865a000 	C:\Program Files\Android\Android Studio\jbr\bin\jimage.dll
0x00007ffbf7810000 - 0x00007ffbf7a52000 	C:\Windows\SYSTEM32\DBGHELP.DLL
0x00007ffbfcb20000 - 0x00007ffbfcea4000 	C:\Windows\System32\combase.dll
0x00007ffbfc3d0000 - 0x00007ffbfc4a9000 	C:\Windows\System32\OLEAUT32.dll
0x00007ffbdce00000 - 0x00007ffbdce3b000 	C:\Windows\SYSTEM32\dbgcore.DLL
0x00007ffbfa7a0000 - 0x00007ffbfa84c000 	C:\Windows\System32\bcryptPrimitives.dll
0x00007ffbe9860000 - 0x00007ffbe986e000 	C:\Program Files\Android\Android Studio\jbr\bin\instrument.dll
0x00007ffb6b6d0000 - 0x00007ffb6b6ee000 	C:\Program Files\Android\Android Studio\jbr\bin\java.dll
0x00007ffbfc6f0000 - 0x00007ffbfc889000 	C:\Windows\System32\ole32.dll
0x00007ffbfae90000 - 0x00007ffbfb628000 	C:\Windows\System32\SHELL32.dll
0x00007ffb6b6b0000 - 0x00007ffb6b6c6000 	C:\Program Files\Android\Android Studio\jbr\bin\zip.dll
0x00007ffbf7da0000 - 0x00007ffbf864e000 	C:\Windows\SYSTEM32\windows.storage.dll
0x00007ffbfcee0000 - 0x00007ffbfcfdb000 	C:\Windows\System32\SHCORE.dll
0x00007ffbfc580000 - 0x00007ffbfc5e6000 	C:\Windows\System32\shlwapi.dll
0x00007ffbfa290000 - 0x00007ffbfa2b9000 	C:\Windows\SYSTEM32\profapi.dll
0x00007ffb72420000 - 0x00007ffb72430000 	C:\Program Files\Android\Android Studio\jbr\bin\net.dll
0x00007ffbf95e0000 - 0x00007ffbf964c000 	C:\Windows\system32\mswsock.dll
0x00007ffb6b610000 - 0x00007ffb6b626000 	C:\Program Files\Android\Android Studio\jbr\bin\nio.dll
0x00007ffbf1ed0000 - 0x00007ffbf1ee0000 	C:\Program Files\Android\Android Studio\jbr\bin\verify.dll
0x00007ffbe9890000 - 0x00007ffbe98b7000 	C:\Users\willo\.gradle\native\660c5614fbf4a5f2a75b1949f50a0caf5cd603558e7d8a26e50b933a0cfb79d1\windows-amd64\native-platform.dll
0x00007ffbe89e0000 - 0x00007ffbe8a57000 	C:\Users\willo\.gradle\native\0.2.8\x86_64-windows-gnu\gradle-fileevents.dll
0x00007ffb6c960000 - 0x00007ffb6c969000 	C:\Program Files\Android\Android Studio\jbr\bin\management.dll
0x00007ffb6b6a0000 - 0x00007ffb6b6ab000 	C:\Program Files\Android\Android Studio\jbr\bin\management_ext.dll
0x00007ffbfc570000 - 0x00007ffbfc578000 	C:\Windows\System32\PSAPI.DLL
0x00007ffbf89a0000 - 0x00007ffbf89d3000 	C:\Windows\SYSTEM32\IPHLPAPI.DLL
0x00007ffbfbff0000 - 0x00007ffbfbffa000 	C:\Windows\System32\NSI.dll
0x00007ffbf6730000 - 0x00007ffbf6739000 	C:\Program Files\Android\Android Studio\jbr\bin\extnet.dll
0x00007ffbf9910000 - 0x00007ffbf992b000 	C:\Windows\SYSTEM32\CRYPTSP.dll
0x00007ffbf8f70000 - 0x00007ffbf8fa9000 	C:\Windows\system32\rsaenh.dll
0x00007ffbf9690000 - 0x00007ffbf96c4000 	C:\Windows\SYSTEM32\USERENV.dll
0x00007ffbfa260000 - 0x00007ffbfa28a000 	C:\Windows\SYSTEM32\bcrypt.dll
0x00007ffbf98f0000 - 0x00007ffbf98fc000 	C:\Windows\SYSTEM32\CRYPTBASE.dll
0x00007ffbbad20000 - 0x00007ffbbad28000 	C:\Windows\system32\wshunix.dll

JVMTI agents:
C:\Users\willo\.gradle\wrapper\dists\gradle-9.7.1-bin\1w1c7tv4s851m17nbqdsro2tv\gradle-9.7.1\lib\agents\gradle-instrumentation-agent-9.7.1.jar path:C:\Program Files\Android\Android Studio\jbr\bin\instrument.dll, loaded, initialized, instrumentlib options:none

dbghelp: loaded successfully - version: 4.0.5 - missing functions: none
symbol engine: initialized successfully - sym options: 0x614 - pdb path: .;C:\Program Files\Android\Android Studio\jbr\bin;C:\Windows\SYSTEM32;C:\Windows\WinSxS\amd64_microsoft.windows.common-controls_6595b64144ccf1df_6.0.26100.9278_none_3e0d1ba8e3303201;C:\Program Files\Android\Android Studio\jbr\bin\server;C:\Users\willo\.gradle\native\660c5614fbf4a5f2a75b1949f50a0caf5cd603558e7d8a26e50b933a0cfb79d1\windows-amd64;C:\Users\willo\.gradle\native\0.2.8\x86_64-windows-gnu

VM Arguments:
jvm_args: --add-opens=java.base/java.lang=ALL-UNNAMED --add-opens=java.base/java.lang.invoke=ALL-UNNAMED --add-opens=java.base/java.util=ALL-UNNAMED --add-opens=java.prefs/java.util.prefs=ALL-UNNAMED --add-exports=jdk.compiler/com.sun.tools.javac.api=ALL-UNNAMED --add-exports=jdk.compiler/com.sun.tools.javac.util=ALL-UNNAMED --add-opens=java.base/java.nio.charset=ALL-UNNAMED --add-opens=java.base/java.net=ALL-UNNAMED --add-opens=java.base/java.util.concurrent=ALL-UNNAMED --add-opens=java.base/java.util.concurrent.atomic=ALL-UNNAMED --add-opens=java.xml/javax.xml.namespace=ALL-UNNAMED --add-opens=java.base/java.time=ALL-UNNAMED --enable-native-access=ALL-UNNAMED -Xmx2048m -Dfile.encoding=UTF-8 -Duser.country=US -Duser.language=en -Duser.variant -javaagent:C:\Users\willo\.gradle\wrapper\dists\gradle-9.7.1-bin\1w1c7tv4s851m17nbqdsro2tv\gradle-9.7.1\lib\agents\gradle-instrumentation-agent-9.7.1.jar 
java_command: org.gradle.launcher.daemon.bootstrap.GradleDaemon 9.7.1
java_class_path (initial): C:\Users\willo\.gradle\wrapper\dists\gradle-9.7.1-bin\1w1c7tv4s851m17nbqdsro2tv\gradle-9.7.1\lib\gradle-daemon-main-9.7.1.jar
Launcher Type: SUN_STANDARD

[Global flags]
     intx CICompilerCount                          = 3                                         {product} {ergonomic}
     uint ConcGCThreads                            = 1                                         {product} {ergonomic}
     uint G1ConcRefinementThreads                  = 4                                         {product} {ergonomic}
   size_t G1HeapRegionSize                         = 1048576                                   {product} {ergonomic}
   size_t InitialHeapSize                          = 130023424                                 {product} {ergonomic}
   size_t MarkStackSize                            = 4194304                                   {product} {ergonomic}
   size_t MarkStackSizeMax                         = 536870912                                 {product} {ergonomic}
   size_t MaxHeapSize                              = 2147483648                                {product} {command line}
   size_t MaxNewSize                               = 1287651328                                {product} {ergonomic}
   size_t MinHeapDeltaBytes                        = 1048576                                   {product} {ergonomic}
   size_t MinHeapSize                              = 8388608                                   {product} {ergonomic}
    uintx NonNMethodCodeHeapSize                   = 5898240                                {pd product} {ergonomic}
    uintx NonProfiledCodeHeapSize                  = 122945536                              {pd product} {ergonomic}
    uintx ProfiledCodeHeapSize                     = 122945536                              {pd product} {ergonomic}
    uintx ReservedCodeCacheSize                    = 251789312                              {pd product} {ergonomic}
     bool SegmentedCodeCache                       = true                                      {product} {ergonomic}
   size_t SoftMaxHeapSize                          = 2147483648                             {manageable} {ergonomic}
     bool UseCompressedOops                        = true                           {product lp64_product} {ergonomic}
     bool UseG1GC                                  = true                                      {product} {ergonomic}
     bool UseLargePagesIndividualAllocation        = false                                  {pd product} {ergonomic}

Logging:
Log output configuration:
 #0: stdout all=warning uptime,level,tags foldmultilines=false
 #1: stderr all=off uptime,level,tags foldmultilines=false

Release file:
JAVA_VERSION="25.0.3" 
MODULES="java.base java.compiler java.datatransfer java.xml java.prefs java.desktop java.instrument java.logging java.management java.security.sasl java.naming java.rmi java.management.rmi java.net.http java.scripting java.security.jgss java.transaction.xa java.sql java.sql.rowset java.xml.crypto java.se java.smartcardio jdk.accessibility jdk.internal.jvmstat jdk.attach jdk.charsets jdk.internal.opt jdk.zipfs jdk.compiler jdk.crypto.cryptoki jdk.crypto.ec jdk.dynalink jdk.hotspot.agent jdk.httpserver jdk.internal.ed jdk.internal.le jdk.internal.md jdk.internal.vm.ci jdk.jartool jdk.javadoc jdk.jcmd jdk.jdeps jdk.jdwp.agent jdk.jdi jdk.jfr jdk.jlink jdk.localedata jdk.management jdk.management.agent jdk.management.jfr jdk.naming.dns jdk.naming.rmi jdk.net jdk.sctp jdk.security.auth jdk.security.jgss jdk.unsupported jdk.unsupported.desktop jdk.xml.dom" 
IMPLEMENTOR="JetBrains s.r.o." 
JAVA_RUNTIME_VERSION="25.0.3+-15898627-b508.16" 
LIBC="default" 
OS_ARCH="x86_64" 
OS_NAME="Windows" 
SOURCE=".:git:a8b1dba3234f" 

Environment Variables:
JAVA_HOME=C:\Program Files\Android\Android Studio\jbr
PATH=C:\Windows\system32;C:\Windows;C:\Windows\System32\Wbem;C:\Windows\System32\WindowsPowerShell\v1.0\;C:\Windows\System32\OpenSSH\;C:\Program Files\dotnet\;C:\Program Files (x86)\cloudflared\;C:\Users\willo\AppData\Local\agy\bin;C:\Users\willo\AppData\Local\Microsoft\WindowsApps;C:\Users\willo\AppData\Local\Python\bin;C:\Users\willo\AppData\Local\Programs\Ollama;C:\Users\willo\AppData\Local\Android\Sdk\platform-tools;C:\Users\willo\AppData\Local\Microsoft\WinGet\Links;C:\Users\willo\AppData\Local\Programs\DockerDesktop\resources\bin;C:\Program Files\Android\Android Studio\jbr\bin;C:\Program Files\Git\cmd;C:\Users\willo\AppData\Local\agy\bin;C:\Users\willo\AppData\Local\Microsoft\WindowsApps;C:\Users\willo\AppData\Local\Python\bin;C:\Users\willo\AppData\Local\Programs\Ollama;C:\Users\willo\AppData\Local\Android\Sdk\platform-tools;C:\Users\willo\AppData\Local\Microsoft\WinGet\Links;C:\Users\willo\AppData\Local\Programs\DockerDesktop\resources\bin
USERNAME=willo
OS=Windows_NT
PROCESSOR_IDENTIFIER=Intel64 Family 6 Model 190 Stepping 0, GenuineIntel
TMP=C:\Users\willo\AppData\Local\Temp
TEMP=C:\Users\willo\AppData\Local\Temp




Compilation memory statistics disabled.

Periodic native trim disabled

JNI global refs:
JNI global refs: 21, weak refs: 1

JNI global refs memory usage: 835, weak refs: 833

Process memory usage:
Resident Set Size: 281900K (3% of 8045940K total physical memory with 252184K free physical memory)

OOME stack traces (most recent first):
Classloader memory used:
Loader org.gradle.internal.classloader.VisitableURLClassLoader                         : 40509 K
Loader bootstrap                                                                       : 25297 K
Loader org.gradle.internal.classloader.VisitableURLClassLoader$InstrumentingVisitableURLClassLoader: 14359 K
Loader org.gradle.initialization.MixInLegacyTypesClassLoader                           : 11507 K
Loader org.gradle.internal.classloader.VisitableURLClassLoader                         : 1159 K
Loader jdk.internal.loader.ClassLoaders$AppClassLoader                                 : 188 K
Loader jdk.internal.loader.ClassLoaders$PlatformClassLoader                            : 118 K
Loader org.gradle.groovy.scripts.internal.DefaultScriptCompilationHandler$ScriptClassLoader: 89736 B

Classes loaded by more than one classloader:
Class Program                                                                         : loaded 4 times (x 76B)
Class com.google.common.collect.PeekingIterator                                       : loaded 3 times (x 72B)
Class com.google.common.base.Preconditions                                            : loaded 3 times (x 73B)
Class org.gradle.internal.IoActions                                                   : loaded 3 times (x 73B)
Class org.gradle.api.GradleException                                                  : loaded 3 times (x 84B)
Class org.gradle.api.Action                                                           : loaded 3 times (x 72B)
Class org.gradle.internal.Cast                                                        : loaded 3 times (x 73B)
Class com.google.common.collect.ImmutableList                                         : loaded 3 times (x 208B)
Class com.google.common.collect.Iterators$9                                           : loaded 3 times (x 83B)
Class com.google.common.collect.Lists                                                 : loaded 3 times (x 73B)
Class com.google.common.collect.ImmutableCollection                                   : loaded 3 times (x 127B)
Class com.google.common.collect.Iterators$5                                           : loaded 3 times (x 84B)
Class com.google.common.collect.Iterators$4                                           : loaded 3 times (x 84B)
Class com.google.common.collect.Iterators$1                                           : loaded 3 times (x 83B)
Class com.google.common.collect.UnmodifiableListIterator                              : loaded 3 times (x 97B)
Class com.google.common.collect.Iterators$MergingIterator                             : loaded 3 times (x 83B)
Class com.google.common.collect.AbstractIndexedListIterator                           : loaded 3 times (x 98B)
Class com.google.common.collect.AbstractIterator                                      : loaded 3 times (x 84B)
Class com.google.common.collect.Lists$StringAsImmutableList                           : loaded 3 times (x 209B)
Class com.google.common.collect.Iterators                                             : loaded 3 times (x 73B)
Class com.google.common.collect.Iterators$SingletonIterator                           : loaded 3 times (x 83B)
Class com.google.common.collect.UnmodifiableIterator                                  : loaded 3 times (x 82B)
Class com.google.common.collect.Iterators$ArrayItr                                    : loaded 3 times (x 99B)
Class com.google.common.collect.ImmutableEnumMap                                      : loaded 2 times (x 128B)
Class org.gradle.tooling.internal.gradle.DefaultProjectIdentifier                     : loaded 2 times (x 88B)
Class com.google.common.collect.Sets$1                                                : loaded 2 times (x 143B)
Class org.objectweb.asm.AnnotationVisitor                                             : loaded 2 times (x 80B)
Class org.gradle.api.internal.DefaultClassPathProvider                                : loaded 2 times (x 78B)
Class com.google.common.collect.Sets$2                                                : loaded 2 times (x 143B)
Class [Lorg.gradle.api.internal.ClassPathProvider;                                    : loaded 2 times (x 71B)
Class org.gradle.api.internal.ClassPathProvider                                       : loaded 2 times (x 72B)
Class [Lorg.objectweb.asm.AnnotationVisitor;                                          : loaded 2 times (x 71B)
Class com.google.common.collect.Sets$3                                                : loaded 2 times (x 143B)
Class com.google.common.cache.LocalCache$LocalLoadingCache                            : loaded 2 times (x 136B)
Class org.gradle.internal.service.UnknownServiceException                             : loaded 2 times (x 85B)
Class com.google.common.collect.Sets$4                                                : loaded 2 times (x 143B)
Class org.objectweb.asm.ModuleVisitor                                                 : loaded 2 times (x 83B)
Class com.google.common.cache.LocalCache$Strength$1                                   : loaded 2 times (x 83B)
Class ijInit1_8fq6is7vcsgbb4u51l7tk3wtm                                               : loaded 2 times (x 173B)
Class com.google.common.util.concurrent.SettableFuture                                : loaded 2 times (x 116B)
Class com.google.common.cache.LocalCache$Strength$2                                   : loaded 2 times (x 83B)
Class com.google.common.cache.LocalCache$Strength$3                                   : loaded 2 times (x 83B)
Class com.google.common.collect.MapDifference                                         : loaded 2 times (x 72B)
Class org.objectweb.asm.FieldWriter                                                   : loaded 2 times (x 79B)
Class com.google.common.cache.CacheBuilder$NullListener                               : loaded 2 times (x 84B)
Class org.gradle.internal.classpath.TransformedClassPath                              : loaded 2 times (x 101B)
Class org.gradle.internal.classloader.InstrumentingClassLoader                        : loaded 2 times (x 72B)
Class com.google.common.collect.ListMultimap                                          : loaded 2 times (x 72B)
Class com.google.common.cache.CacheLoader$FunctionToCacheLoader                       : loaded 2 times (x 77B)
Class com.google.common.collect.ImmutableCollection$Builder                           : loaded 2 times (x 78B)
Class kotlin.enums.EnumEntriesList                                                    : loaded 2 times (x 225B)
Class com.google.common.base.MoreObjects                                              : loaded 2 times (x 73B)
Class com.google.common.collect.Platform                                              : loaded 2 times (x 73B)
Class [Lorg.objectweb.asm.Type;                                                       : loaded 2 times (x 71B)
Class [Lcom.google.common.collect.ImmutableMapEntry;                                  : loaded 2 times (x 71B)
Class org.gradle.internal.service.ServiceLocator                                      : loaded 2 times (x 72B)
Class com.google.common.base.Ascii                                                    : loaded 2 times (x 73B)
Class com.google.common.collect.SingletonImmutableBiMap                               : loaded 2 times (x 145B)
Class kotlin.collections.AbstractList$Companion                                       : loaded 2 times (x 73B)
Class com.google.common.cache.LocalCache$1                                            : loaded 2 times (x 91B)
Class com.google.common.collect.AbstractMapEntry                                      : loaded 2 times (x 83B)
Class com.intellij.gradle.toolingExtension.util.GradleVersionUtil                     : loaded 2 times (x 73B)
Class org.gradle.tooling.model.UnsupportedMethodException                             : loaded 2 times (x 84B)
Class com.google.common.collect.AbstractMultimap                                      : loaded 2 times (x 125B)
Class com.google.common.cache.LocalCache$2                                            : loaded 2 times (x 144B)
Class com.google.common.collect.RegularImmutableAsList                                : loaded 2 times (x 219B)
Class org.gradle.internal.classloader.DefaultClassLoaderFactory                       : loaded 2 times (x 84B)
Class com.google.common.util.concurrent.AbstractFuture$Trusted                        : loaded 2 times (x 72B)
Class com.google.common.base.Suppliers                                                : loaded 2 times (x 73B)
Class com.google.common.util.concurrent.UncheckedExecutionException                   : loaded 2 times (x 84B)
Class org.objectweb.asm.ClassWriter                                                   : loaded 2 times (x 107B)
Class com.google.common.base.CharMatcher$And                                          : loaded 2 times (x 114B)
Class com.google.common.cache.CacheLoader$UnsupportedLoadingOperationException        : loaded 2 times (x 84B)
Class org.gradle.internal.time.DefaultTimer                                           : loaded 2 times (x 82B)
Class org.objectweb.asm.FieldVisitor                                                  : loaded 2 times (x 79B)
Class com.google.common.collect.IndexedImmutableSet                                   : loaded 2 times (x 154B)
Class com.google.common.collect.ImmutableMap$1                                        : loaded 2 times (x 83B)
Class com.google.common.collect.BiMap                                                 : loaded 2 times (x 72B)
Class org.gradle.api.internal.classpath.DefaultModuleRegistry$DefaultModule           : loaded 2 times (x 84B)
Class com.google.common.primitives.Ints                                               : loaded 2 times (x 73B)
Class [Lcom.google.common.cache.CacheBuilder$OneWeigher;                              : loaded 2 times (x 71B)
Class com.google.common.math.MathPreconditions                                        : loaded 2 times (x 73B)
Class com.google.common.collect.Multiset                                              : loaded 2 times (x 72B)
Class com.google.common.collect.ArrayListMultimapGwtSerializationDependencies         : loaded 2 times (x 173B)
Class org.objectweb.asm.MethodTooLargeException                                       : loaded 2 times (x 84B)
Class org.gradle.internal.time.DefaultCountdownTimer                                  : loaded 2 times (x 90B)
Class com.google.common.collect.ImmutableMapEntrySet                                  : loaded 2 times (x 154B)
Class org.gradle.tooling.internal.gradle.DefaultBuildIdentifier                       : loaded 2 times (x 81B)
Class org.gradle.api.internal.classpath.Module                                        : loaded 2 times (x 72B)
Class com.google.common.cache.Weigher                                                 : loaded 2 times (x 72B)
Class org.gradle.api.internal.classpath.UnknownModuleException                        : loaded 2 times (x 84B)
Class com.google.common.base.Stopwatch                                                : loaded 2 times (x 74B)
Class com.google.common.cache.LocalCache$Strength                                     : loaded 2 times (x 83B)
Class com.google.common.cache.Cache                                                   : loaded 2 times (x 72B)
Class com.google.common.util.concurrent.AbstractFuture$Cancellation                   : loaded 2 times (x 74B)
Class com.google.common.collect.ImmutableMap$Builder                                  : loaded 2 times (x 84B)
Class com.google.common.cache.RemovalListener                                         : loaded 2 times (x 72B)
Class org.gradle.tooling.internal.gradle.GradleProjectIdentity                        : loaded 2 times (x 72B)
Class org.gradle.api.internal.DefaultClassPathRegistry                                : loaded 2 times (x 78B)
Class com.google.common.primitives.IntsMethodsForWeb                                  : loaded 2 times (x 73B)
Class com.google.common.collect.Multimap                                              : loaded 2 times (x 72B)
Class org.gradle.internal.classpath.DefaultClassPath$ImmutableUniqueList              : loaded 2 times (x 201B)
Class org.gradle.api.internal.ClassPathRegistry                                       : loaded 2 times (x 72B)
Class com.google.common.collect.SingletonImmutableList                                : loaded 2 times (x 209B)
Class com.google.common.cache.CacheBuilder                                            : loaded 2 times (x 74B)
Class org.gradle.internal.operations.MultipleBuildOperationFailures                   : loaded 2 times (x 97B)
Class Settings_gradle$1                                                               : loaded 2 times (x 76B)
Class org.gradle.internal.classpath.ClassPath                                         : loaded 2 times (x 72B)
Class com.google.common.collect.ImmutableList$ReverseImmutableList                    : loaded 2 times (x 211B)
Class org.objectweb.asm.SymbolTable$Entry                                             : loaded 2 times (x 75B)
Class org.gradle.api.internal.classpath.DefaultModuleRegistry$DefaultModuleAlias      : loaded 2 times (x 82B)
Class org.objectweb.asm.Edge                                                          : loaded 2 times (x 74B)
Class org.objectweb.asm.ClassVisitor                                                  : loaded 2 times (x 90B)
Class com.google.common.base.Suppliers$SupplierOfInstance                             : loaded 2 times (x 81B)
Class org.gradle.tooling.model.Model                                                  : loaded 2 times (x 72B)
Class com.google.common.collect.SingletonImmutableSet                                 : loaded 2 times (x 148B)
Class com.google.common.cache.LocalCache$ComputingValueReference                      : loaded 2 times (x 98B)
Class com.google.common.collect.ImmutableMap$IteratorBasedImmutableMap                : loaded 2 times (x 128B)
Class kotlin.UninitializedPropertyAccessException                                     : loaded 2 times (x 84B)
Class com.google.common.cache.LocalCache$Segment                                      : loaded 2 times (x 155B)
Class com.google.common.collect.AbstractListMultimap                                  : loaded 2 times (x 173B)
Class [Lorg.objectweb.asm.SymbolTable$Entry;                                          : loaded 2 times (x 71B)
Class [Lorg.objectweb.asm.Symbol;                                                     : loaded 2 times (x 71B)
Class com.google.common.cache.CacheLoader                                             : loaded 2 times (x 76B)
Class com.google.common.collect.ImmutableBiMap                                        : loaded 2 times (x 145B)
Class org.gradle.api.internal.classpath.ModuleRegistry                                : loaded 2 times (x 72B)
Class org.gradle.internal.installation.GradleInstallation$1                           : loaded 2 times (x 77B)
Class com.google.common.collect.ImmutableSet$JdkBackedSetBuilderImpl                  : loaded 2 times (x 78B)
Class com.google.common.collect.ImmutableMap$MapViewOfValuesAsSingletonSets           : loaded 2 times (x 128B)
Class com.google.common.util.concurrent.internal.InternalFutureFailureAccess          : loaded 2 times (x 74B)
Class com.google.common.base.CharMatcher$ForPredicate                                 : loaded 2 times (x 114B)
Class com.google.common.cache.LocalCache$LocalManualCache$1                           : loaded 2 times (x 77B)
Class com.google.common.base.CharMatcher$AnyOf                                        : loaded 2 times (x 114B)
Class com.google.common.collect.RegularImmutableMap                                   : loaded 2 times (x 122B)
Class org.gradle.tooling.model.idea.BasicIdeaProject                                  : loaded 2 times (x 72B)
Class org.gradle.api.internal.classpath.DefaultModuleRegistry                         : loaded 2 times (x 86B)
Class com.google.common.util.concurrent.ExecutionError                                : loaded 2 times (x 84B)
Class com.google.common.util.concurrent.ListenableFuture                              : loaded 2 times (x 72B)
Class com.google.common.cache.ReferenceEntry                                          : loaded 2 times (x 72B)
Class com.google.common.base.Converter                                                : loaded 2 times (x 92B)
Class com.google.common.collect.ImmutableSet$CachingAsList                            : loaded 2 times (x 150B)
Class com.google.common.collect.AbstractMapBasedMultimap                              : loaded 2 times (x 140B)
Class com.google.common.collect.ImmutableList$1                                       : loaded 2 times (x 99B)
Class com.google.common.collect.ImmutableAsList                                       : loaded 2 times (x 211B)
Class com.google.common.util.concurrent.AbstractFuture                                : loaded 2 times (x 108B)
Class com.google.common.base.FunctionalEquivalence                                    : loaded 2 times (x 85B)
Class org.objectweb.asm.RecordComponentVisitor                                        : loaded 2 times (x 79B)
Class com.google.common.cache.CacheLoader$SupplierToCacheLoader                       : loaded 2 times (x 77B)
Class org.gradle.tooling.model.GradleProject                                          : loaded 2 times (x 72B)
Class org.gradle.internal.time.MonotonicClock                                         : loaded 2 times (x 79B)
Class org.gradle.internal.service.ServiceLookupException                              : loaded 2 times (x 84B)
Class [Lcom.google.common.cache.LocalCache$EntryFactory;                              : loaded 2 times (x 71B)
Class com.google.common.collect.ImmutableEnumSet                                      : loaded 2 times (x 148B)
Class com.google.common.base.CharMatcher$IsNot                                        : loaded 2 times (x 113B)
Class com.google.common.cache.LocalCache$LocalManualCache                             : loaded 2 times (x 101B)
Class org.gradle.internal.service.CachingServiceLocator                               : loaded 2 times (x 84B)
Class com.google.common.math.IntMath                                                  : loaded 2 times (x 73B)
Class sync_studio_tooling2938_57989k9j79lrspmn2nm9andj2$_run_closure1                 : loaded 2 times (x 140B)
Class com.google.common.collect.ImmutableMapEntry                                     : loaded 2 times (x 87B)
Class org.gradle.internal.time.TimeSource                                             : loaded 2 times (x 72B)
Class com.google.common.base.Equivalence                                              : loaded 2 times (x 84B)
Class com.google.common.base.Function                                                 : loaded 2 times (x 72B)
Class com.google.common.collect.ImmutableMapEntry$NonTerminalImmutableMapEntry        : loaded 2 times (x 87B)
Class org.gradle.tooling.internal.gradle.GradleBuildIdentity                          : loaded 2 times (x 72B)
Class kotlin.enums.EnumEntries                                                        : loaded 2 times (x 72B)
Class com.google.common.collect.IndexedImmutableSet$1                                 : loaded 2 times (x 215B)
Class com.google.common.collect.RegularImmutableList                                  : loaded 2 times (x 215B)
Class com.google.common.cache.CacheBuilder$OneWeigher                                 : loaded 2 times (x 84B)
Class org.gradle.internal.exceptions.ResolutionProvider                               : loaded 2 times (x 72B)
Class org.gradle.tooling.model.ProjectIdentifier                                      : loaded 2 times (x 72B)
Class org.gradle.internal.classloader.ClasspathUtil                                   : loaded 2 times (x 73B)
Class org.jetbrains.kotlin.tooling.core.HasExtras                                     : loaded 2 times (x 72B)
Class com.google.common.util.concurrent.Uninterruptibles                              : loaded 2 times (x 73B)
Class com.google.common.util.concurrent.LazyLogger                                    : loaded 2 times (x 74B)
Class com.google.common.collect.Maps                                                  : loaded 2 times (x 73B)
Class org.gradle.internal.time.TimeSource$1                                           : loaded 2 times (x 79B)
Class kotlin.jvm.internal.DefaultConstructorMarker                                    : loaded 2 times (x 73B)
Class org.gradle.api.specs.Spec                                                       : loaded 2 times (x 72B)
Class [Lcom.google.common.collect.ImmutableEntry;                                     : loaded 2 times (x 71B)
Class com.google.common.cache.LocalCache$LoadingValueReference                        : loaded 2 times (x 98B)
Class com.intellij.gradle.toolingExtension.impl.model.utilDummyModel.DummyModel       : loaded 2 times (x 72B)
Class org.gradle.internal.time.Clock                                                  : loaded 2 times (x 72B)
Class org.gradle.tooling.model.BuildModel                                             : loaded 2 times (x 72B)
Class [Lorg.objectweb.asm.AnnotationWriter;                                           : loaded 2 times (x 71B)
Class com.google.common.collect.Maps$8                                                : loaded 2 times (x 84B)
Class org.gradle.tooling.model.Element                                                : loaded 2 times (x 72B)
Class kotlin.collections.AbstractList                                                 : loaded 2 times (x 199B)
Class kotlin.collections.AbstractCollection                                           : loaded 2 times (x 119B)
Class com.google.common.collect.Sets$SetView                                          : loaded 2 times (x 141B)
Class org.jetbrains.kotlin.tooling.core.Extras                                        : loaded 2 times (x 72B)
Class com.google.common.cache.LocalCache$StrongValueReference                         : loaded 2 times (x 92B)
Class org.objectweb.asm.Type                                                          : loaded 2 times (x 74B)
Class org.gradle.internal.classloader.VisitableURLClassLoader$InstrumentingVisitableURLClassLoader: loaded 2 times (x 124B)
Class com.google.common.math.IntMath$1                                                : loaded 2 times (x 73B)
Class org.objectweb.asm.ByteVector                                                    : loaded 2 times (x 81B)
Class [Lcom.google.common.cache.CacheBuilder$NullListener;                            : loaded 2 times (x 71B)
Class org.gradle.internal.classloader.VisitableURLClassLoader$Spec                    : loaded 2 times (x 76B)
Class org.gradle.internal.classpath.DefaultClassPath                                  : loaded 2 times (x 92B)
Class org.objectweb.asm.Symbol                                                        : loaded 2 times (x 75B)
Class org.gradle.util.internal.DefaultGradleVersion                                   : loaded 2 times (x 84B)
Class com.google.common.base.CharMatcher$BitSetMatcher                                : loaded 2 times (x 114B)
Class com.google.common.collect.ImmutableSet                                          : loaded 2 times (x 147B)
Class com.google.common.collect.RegularImmutableMap$Values                            : loaded 2 times (x 209B)
Class org.gradle.internal.classloader.ClassLoaderSpec                                 : loaded 2 times (x 73B)
Class org.objectweb.asm.AnnotationWriter                                              : loaded 2 times (x 80B)
Class com.google.common.cache.CacheStats                                              : loaded 2 times (x 73B)
Class org.objectweb.asm.RecordComponentWriter                                         : loaded 2 times (x 79B)
Class com.google.common.util.concurrent.AbstractFuture$Listener                       : loaded 2 times (x 74B)
Class com.google.common.base.CharMatcher$Or                                           : loaded 2 times (x 114B)
Class Settings_gradle$1$1                                                             : loaded 2 times (x 76B)
Class org.gradle.api.internal.classpath.Module$ModuleAlias                            : loaded 2 times (x 72B)
Class org.objectweb.asm.Attribute                                                     : loaded 2 times (x 79B)
Class com.google.common.base.Supplier                                                 : loaded 2 times (x 72B)
Class org.gradle.internal.classloader.VisitableURLClassLoader                         : loaded 2 times (x 118B)
Class Settings_gradle                                                                 : loaded 2 times (x 126B)
Class org.gradle.internal.classloader.ClassLoaderHierarchy                            : loaded 2 times (x 72B)
Class com.google.common.base.CharMatcher$IsEither                                     : loaded 2 times (x 113B)
Class org.gradle.tooling.model.eclipse.EclipseProject                                 : loaded 2 times (x 72B)
Class com.google.common.collect.Sets                                                  : loaded 2 times (x 73B)
Class org.objectweb.asm.Handler                                                       : loaded 2 times (x 74B)
Class com.google.common.base.CharMatcher$FastMatcher                                  : loaded 2 times (x 113B)
Class com.google.common.base.Ticker                                                   : loaded 2 times (x 74B)
Class [Lcom.google.common.cache.LocalCache$Segment;                                   : loaded 2 times (x 71B)
Class com.google.common.base.Predicate                                                : loaded 2 times (x 72B)
Class [Lcom.google.common.cache.LocalCache$Strength;                                  : loaded 2 times (x 71B)
Class com.google.common.cache.CacheBuilder$1                                          : loaded 2 times (x 87B)
Class com.google.common.collect.ImmutableMap                                          : loaded 2 times (x 122B)
Class org.gradle.internal.classpath.DefaultClassPath$ImmutableUniqueList$Builder      : loaded 2 times (x 77B)
Class com.google.common.base.CharMatcher$NegatedFastMatcher                           : loaded 2 times (x 115B)
Class com.google.common.cache.LocalCache                                              : loaded 2 times (x 188B)
Class com.google.common.cache.CacheBuilder$2                                          : loaded 2 times (x 81B)
Class com.google.common.collect.ArrayListMultimap                                     : loaded 2 times (x 173B)
Class com.google.common.cache.CacheBuilder$3                                          : loaded 2 times (x 74B)
Class [Lcom.google.common.collect.AbstractMapEntry;                                   : loaded 2 times (x 71B)
Class com.google.common.collect.ImmutableEntry                                        : loaded 2 times (x 84B)
Class org.gradle.internal.classloader.FilteringClassLoader                            : loaded 2 times (x 106B)
Class org.gradle.internal.exceptions.NonGradleCauseExceptionsHolder                   : loaded 2 times (x 72B)
Class com.google.common.collect.CollectPreconditions                                  : loaded 2 times (x 73B)
Class org.gradle.tooling.model.eclipse.HierarchicalEclipseProject                     : loaded 2 times (x 72B)
Class com.google.common.collect.SortedMapDifference                                   : loaded 2 times (x 72B)
Class com.google.common.cache.LocalCache$EntryFactory                                 : loaded 2 times (x 85B)
Class org.jetbrains.kotlin.tooling.core.HasMutableExtras                              : loaded 2 times (x 72B)
Class com.google.common.cache.LocalCache$AbstractReferenceEntry                       : loaded 2 times (x 109B)
Class kotlin.NotImplementedError                                                      : loaded 2 times (x 84B)
Class kotlin.enums.EnumEntriesKt                                                      : loaded 2 times (x 73B)
Class org.objectweb.asm.SymbolTable                                                   : loaded 2 times (x 74B)
Class com.google.common.collect.ImmutableSet$RegularSetBuilderImpl                    : loaded 2 times (x 78B)
Class com.google.common.cache.CacheLoader$InvalidCacheLoadException                   : loaded 2 times (x 84B)
Class com.google.common.cache.LocalCache$StrongEntry                                  : loaded 2 times (x 110B)
Class com.google.common.util.concurrent.AbstractFuture$TrustedFuture                  : loaded 2 times (x 116B)
Class com.google.common.cache.LoadingCache                                            : loaded 2 times (x 72B)
Class org.gradle.internal.exceptions.MultiCauseException                              : loaded 2 times (x 72B)
Class org.gradle.internal.time.CountdownTimer                                         : loaded 2 times (x 72B)
Class kotlin.jvm.internal.Intrinsics                                                  : loaded 2 times (x 73B)
Class org.objectweb.asm.MethodWriter                                                  : loaded 2 times (x 107B)
Class [Lcom.google.common.cache.Weigher;                                              : loaded 2 times (x 71B)
Class com.google.common.collect.RegularImmutableMap$BucketOverflowException           : loaded 2 times (x 84B)
Class org.gradle.tooling.model.ProjectModel                                           : loaded 2 times (x 72B)
Class org.gradle.tooling.model.gradle.GradleBuild                                     : loaded 2 times (x 72B)
Class kotlin.KotlinNullPointerException                                               : loaded 2 times (x 84B)
Class com.google.common.collect.RegularImmutableBiMap                                 : loaded 2 times (x 150B)
Class com.google.common.base.CharMatcher$Negated                                      : loaded 2 times (x 115B)
Class com.google.common.base.CharMatcher$Is                                           : loaded 2 times (x 113B)
Class com.google.common.cache.LocalCache$ValueReference                               : loaded 2 times (x 72B)
Class org.gradle.internal.exceptions.DefaultMultiCauseException                       : loaded 2 times (x 97B)
Class com.google.common.util.concurrent.AbstractFuture$Failure                        : loaded 2 times (x 74B)
Class com.google.common.base.Equivalence$Equals                                       : loaded 2 times (x 84B)
Class com.google.common.collect.Hashing                                               : loaded 2 times (x 73B)
Class com.google.common.collect.RegularImmutableMap$KeySet                            : loaded 2 times (x 154B)
Class org.gradle.tooling.model.HierarchicalElement                                    : loaded 2 times (x 72B)
Class org.objectweb.asm.Label                                                         : loaded 2 times (x 75B)
Class org.objectweb.asm.CurrentFrame                                                  : loaded 2 times (x 75B)
Class org.objectweb.asm.ClassTooLargeException                                        : loaded 2 times (x 84B)
Class com.google.common.base.Equivalence$Identity                                     : loaded 2 times (x 84B)
Class com.google.common.base.CharMatcher                                              : loaded 2 times (x 113B)
Class org.gradle.internal.time.Time                                                   : loaded 2 times (x 73B)
Class org.objectweb.asm.Frame                                                         : loaded 2 times (x 75B)
Class org.objectweb.asm.MethodVisitor                                                 : loaded 2 times (x 107B)
Class com.google.common.base.CharMatcher$1                                            : loaded 2 times (x 115B)
Class com.google.common.base.CharMatcher$NamedFastMatcher                             : loaded 2 times (x 114B)
Class com.google.common.cache.LocalCache$EntryFactory$1                               : loaded 2 times (x 85B)
Class [Lcom.google.common.cache.RemovalListener;                                      : loaded 2 times (x 71B)
Class com.google.common.cache.LocalCache$EntryFactory$2                               : loaded 2 times (x 85B)
Class org.objectweb.asm.ModuleWriter                                                  : loaded 2 times (x 83B)
Class com.google.common.cache.LocalCache$EntryFactory$3                               : loaded 2 times (x 85B)
Class com.google.common.base.Ticker$1                                                 : loaded 2 times (x 74B)
Class com.google.common.collect.Maps$BiMapConverter                                   : loaded 2 times (x 92B)
Class com.google.common.collect.ImmutableMapEntrySet$RegularEntrySet                  : loaded 2 times (x 154B)
Class ijInit1_8fq6is7vcsgbb4u51l7tk3wtm$_run_closure1                                 : loaded 2 times (x 141B)
Class org.gradle.tooling.model.BuildIdentifier                                        : loaded 2 times (x 72B)
Class kotlin.NoWhenBranchMatchedException                                             : loaded 2 times (x 84B)
Class com.google.common.collect.ImmutableSet$Builder                                  : loaded 2 times (x 87B)
Class com.google.common.base.CharMatcher$InRange                                      : loaded 2 times (x 113B)
Class com.google.common.cache.LocalCache$EntryFactory$4                               : loaded 2 times (x 85B)
Class org.gradle.tooling.model.BuildableElement                                       : loaded 2 times (x 72B)
Class org.gradle.tooling.model.HasGradleProject                                       : loaded 2 times (x 72B)
Class com.google.common.cache.LocalCache$EntryFactory$5                               : loaded 2 times (x 85B)
Class com.google.common.cache.LocalCache$EntryFactory$6                               : loaded 2 times (x 85B)
Class org.gradle.internal.time.Timer                                                  : loaded 2 times (x 72B)
Class kotlin.jvm.internal.markers.KMappedMarker                                       : loaded 2 times (x 72B)
Class org.gradle.internal.installation.CurrentGradleInstallationLocator               : loaded 2 times (x 73B)
Class com.google.common.collect.ImmutableSet$EmptySetBuilderImpl                      : loaded 2 times (x 78B)
Class com.google.common.cache.LocalCache$EntryFactory$7                               : loaded 2 times (x 85B)
Class org.gradle.internal.classloader.ClassLoaderFactory                              : loaded 2 times (x 72B)
Class org.gradle.tooling.model.idea.IdeaProject                                       : loaded 2 times (x 72B)
Class org.gradle.internal.service.DefaultServiceLocator                               : loaded 2 times (x 85B)
Class com.google.common.collect.ImmutableSet$SetBuilderImpl                           : loaded 2 times (x 78B)
Class com.google.common.cache.LocalCache$EntryFactory$8                               : loaded 2 times (x 85B)
Class org.gradle.util.GradleVersion                                                   : loaded 2 times (x 83B)
Class org.gradle.internal.installation.CurrentGradleInstallation                      : loaded 2 times (x 75B)
Class com.google.common.collect.ImmutableList$SubList                                 : loaded 2 times (x 211B)
Class com.google.common.cache.CacheLoader$1                                           : loaded 2 times (x 77B)
Class sync_studio_tooling2938_57989k9j79lrspmn2nm9andj2                               : loaded 2 times (x 173B)
Class org.gradle.tooling.model.gradle.ProjectPublications                             : loaded 2 times (x 72B)
Class org.gradle.util.internal.GUtil                                                  : loaded 2 times (x 73B)
Class com.google.common.cache.AbstractCache$StatsCounter                              : loaded 2 times (x 72B)
Class com.google.common.base.PairwiseEquivalence                                      : loaded 2 times (x 85B)
Class com.google.common.collect.RegularImmutableSet                                   : loaded 2 times (x 150B)
Class org.gradle.internal.installation.GradleInstallation                             : loaded 2 times (x 77B)

---------------  S Y S T E M  ---------------

OS:
 Windows 11 , 64 bit Build 26100 (10.0.26100.9278)
OS uptime: 0 days 0:32 hours
Hyper-V role detected

CPU: total 4 (initial active 4) (4 cores per cpu, 1 threads per core) family 6 model 190 stepping 0 microcode 0x18, cx8, cmov, fxsr, mmx, 3dnowpref, sse, sse2, sse3, ssse3, sse4.1, sse4.2, popcnt, lzcnt, tsc, tscinvbit, avx, avx2, aes, erms, clmul, bmi1, bmi2, adx, sha, fma, vzeroupper, clflush, clflushopt, clwb, hv, serialize, rdtscp, rdpid, fsrm, gfni, f16c, cet_ibt, cet_ss
Processor Information for the first 4 processors :
  Max Mhz: 800, Current Mhz: 800, Mhz Limit: 800

Memory: 4k page, system-wide physical 7857M (241M free)
TotalPageFile size 32433M (AvailPageFile size 8M)
current process WorkingSet (physical memory assigned to process): 277M, peak: 291M
current process commit charge ("private bytes"): 427M, peak: 456M

vm_info: OpenJDK 64-Bit Server VM (25.0.3+-15898627-b508.16) for windows-amd64 JRE (25.0.3+-15898627-b508.16), built on 2026-07-20T17:54:23Z with MS VC++ 16.10 / 16.11 (VS2019)

END.
